chunked_content,place,relevant_hashtags
샴페인 이제 festival 중이 See u at neon festival festival See u at neon festival,방콕,[]
살라 타나 코신 방콕 Sala Rattanakosin Bangkok 왓아룬 야경 맛집 실시간 색감 태국 방콕 방콕여행 여행 여행 스타 그램 방콕 핫 왓아룬뷰 살라 타나 코신 여행 때 때 Sala Rattanakosin Bangkok,"Sala Rattanakosin, Bangkok","['#태국', '#방콕', '#방콕여행', '#방콕핫플', '#살라라타나코신', '#여행할때여기어때']"
방콕 인 플루 잡기 여행자 모 집중 동행 구 인 이상만 예약 바로 확정 투어 일정 차 목 박 일정 차 목 박 일정 차 금 화 박 일정 가격 인 부터 인 이상 출발 요금 포함 사항 전 일정 성 급 호텔 박 전용 차량 관광지 입장료 조식 등 여행 사랑 유디 팔로워 여행 인스타그램 인기 카페 루프 탑 등 핫 위주 일정 구성 곧 인 플루 연휴 일정 직장인 하루 휴가 수 모두 패키지 장점 알 방콕 맛집 카페 핫 어디 검색 혼자 가도 안전 걱정 여행 한국 서도 꿀잼 보장 누가 요즘 뚜벅 여행 무더위 에어컨 이동 가능 쇼핑 옵션 여행 쇼핑 아웃 완전 자유여행 내용 프로필 링크 확인,방콕,[]
리그 램 bobtour official 비오비 카페 활동 이벤트 곰 알 투어 신청 활동 해주시 회원 선물 해당 이벤트 매달 진행 오니 참여 주간 활동 이벤트 발표 발표 명 네이버 페이 명 네이버 페이 명 네이버 페이 주간 인기 글 명 내용 프로필 설명 란 기재 비오비 활동 이벤트 URL 페이지 확인 세부 여행 세부 자유여행 세부 패키지 보홀 여행 보홀 패키지 보홀 자유여행 코타키나발루 여행 코타키나발루 패키지 방콕여행 방콕 파타야 여행 방콕 패키지 비오비 투어 카페 활동 이벤트 카페 이벤트 bobtour official URL,,[]
방콕여행 은 방콕여행 차 이상 간 마니아 광기 솔직 맛집 리스트 방콕 맛집 투어 thongsmith 통 스미스 보트 누 최강 비빔 규 조합 추천 방콕 여행 때 수십 번 간곳 후기 참고 bartelsthailand bartels 샤워 도우 맛집 샌드위치 곳 서양 짱 faplatahn 파쁠라탄 faplatahn 어묵 국수 프리미엄 국물 어묵 생선 튀김 kubkaokubpla 컵 컵 무난 맛 태식 경험 수 향신료 쌔 관광객 무난 의견 통일 먹기 굿 padthaifaitalu 파이 타루 미쉐린 팟타이 맛집 양은 달 시 맛 강 한편 간식 먹기 가격 양으로 곳 경험 baansomtumofficial 반 쏨땀 쏨땀 로컬 맛집 피쉬 소스 장난 냄새 주의 sitandwonderofficial 앤 원더 통로 로컬 이면 분위기 가성 비 맛집 쏨땀 치킨윙 셋트 팟 시유 추천 쿤뎅 국수 쿤댕 유안 끈 국수 카 오산 국수 베트남 쌀국수 유안 킹더 랜드 더욱 음 갠 이 메뉴 여기저기 여기 진짜 최고 근처 꼭 방콕 여행 정보 여기 ringobkk 블로그 포스팅 꿀 정보 태국 방콕 여행 여자 전용 오픈 카톡 방 운영 방콕 맛집 추천 방콕여행 코스 방콕 맛집 방콕여행 방콕여행 추천 방콕여행 방콕 맛집 리스트 링고 방콕 thongsmith bartelsthailand bartels faplatahn faplatahn kubkaokubpla padthaifaitalu baansomtumofficial sitandwonderofficial ringobkk,방콕,"['#방콕여행', '#방콕맛집투어', '#씻앤원더', '#쿤뎅국수', '#쿤댕꾸어이짭유안', '#방콕맛집추천', '#방콕여행코스', '#방콕맛집', '#방콕여행중', '#방콕여행추천', '#방콕여행', '#방콕맛집리스트']"
태국 맛집 추천 BEST 로띠 맛집 구글검색 로띠 차차차 내 이전 로띠 로띠 달콤 로띠 수 로띠 맛집 누텔라 로띠 바나나 로띠 추천 족발 맛집 구글검색 짜런생실롬 태국 아침 족발 달달 간장 소스 푹 족발 아침 맛 소자 바트 대자 바트 배 가격 각각 소자 밥 하나 돼지 족 냄새 분 스 푸파 백종원 맛집 구글검색 Chim Chum Suthiporn BU hotel 맞은편 갓 종원 그 대체 진짜 샤브샤브 맛 한국인 라면 누구 맛 무조건 야외 식당 좀 순 그것 낭만 복장 땀 송골송골 맥주 찜쭘 맛 또 징거미 새우 가리비 가득 구글검색 톤부리 마켓 레이스 비교 최근 한국인 태국 로컬 시장 릴스 아이콘 시암 차이나 타운 마리 징거미 새우 여기 바로 바트 시설 로컬 분위기 수 맥도날드 기준 오른쪽 제일 끝 수산물 부스 곱창 구이 항 정구 무삥 쏨땀 구글검색 아이콘 시암 층 쑥 시암 위치 진짜 집 곱창 구이 곱창 구이 수 번가 번은 포장 호텔 맥주 정도 맛돌 무조건 가세 태국 태국 여행 태국 음식 태국 맛집 방콕 방콕여행 방콕 맛집 방콕 카페 방콕 호텔 방콕 쇼핑 아이콘 시암 짜런생실롬 로띠 차차차 제 당 쏨땀 찜쭘 찜쭘수 티폰 톤부리 마켓 톤부리 방콕 숙소 BEST Chim Chum Suthiporn BU hotel,"방콕, 태국","['#태국', '#태국여행', '#태국음식', '#태국맛집', '#방콕', '#방콕여행', '#방콕맛집', '#방콕카페', '#방콕호텔', '#방콕쇼핑', '#방콕숙소']"
리그 램 bobtour official 비오비 카페 활동 이벤트 곰 알 투어 신청 활동 해주시 회원 선물 해당 이벤트 매달 진행 오니 참여 주간 활동 이벤트 발표 발표 명 네이버 페이 명 네이버 페이 명 네이버 페이 주간 인기 글 명 내용 프로필 설명 란 기재 비오비 활동 이벤트 URL 페이지 확인 보홀 여행 세부 여행 세부 자유여행 세부 패키지 보홀 패키지 보홀 자유여행 코타키나발루 여행 코타키나발루 패키지 방콕여행 방콕 파타야 여행 방콕 패키지 비오비 투어 카페 활동 이벤트 카페 이벤트 bobtour official URL,,[]
방콕 여행 베스트 단 저장 이 피드 저장 방콕여행 반 완성 버블 더 포레스트 몰디브 여행 온 듯 국적 방콕 외곽 카페 메인 꼭 예약 메인 애프터 더 레인 아마존 정글 느낌 보트 포토 존 인생 사진 무조건 직원 혼 추천 버블 더 포레스트 방문 룸 공원 다음 방콕 여행 땐 룸피 공원 근처 숙소 잡고 곳 오리 무료 물왕도마뱀 보고 고양이 수 곳 수상 버스 낮 수상 버스 별로 밤 수상 버스 가성 비 최고 크루즈 탈 수상 보트 층 추천 천원 행복 더 데크 예약 왓아룬 야경 볼 수 있는곳촘아룬 뷰아룬 예약 예약 자신 분 더 데크 가세 칵테일 한잔 마시기 무앙 고 대도시 전세계 가장 지붕 박물관 카트 타고 수 사진 스팟 방콕 시내 거리 방법 제 블로그 참고 킹 파워 마하 컨 전망대 방콕 제일 야경 전망대 스카이 워 여행사 어플 통해 미리 티켓팅 무료 방법 제 릴스 참고 애프터 유 망고 빙수 방콕 애프터 유 망고 빙수 아이콘 시암 삼 얀밋 타운 안드레 스테이크 방콕 타이 푸드 순 가성 비 분위기 맛 안드레 꼭 추천 노스이스트 한국인 맛집 한국인 저격 맛집 불호 수 곳 푸팟퐁 커리 또 아이 가기 곳 문의 언제 환영 방콕여행 방콕 곳 방콕 카페 방콕 맛집 애프터 더 레인 버블 더 포레스트 무앙 룸 공원 노스이스트 킹 파워 마하 콘 스카이 워,방콕,"['#방콕여행', '#방콕가볼만한곳', '#방콕카페', '#방콕맛집', '#무앙보란']"
방콕 꼭 맛집 아이콘 시 암 팁 마이 팟타이 여기 팟타이 전문점 팁 아이콘 시암 위치 쇼핑 도하 음식 행복 배 팟타이 오렌지 주스 방문 오렌지 주스 꼭 나이 갈비 국수 카오산로드 위치 위치 맛 정말 한국인 입맛 아주 갈비탕 맛 물 게 것 여기 물 입 쩟 페어 야시장 랭셉쩟 페어 야시장 볼거리 야시장 구경 겸 랭셉 최고 랭셉 맛 새 콤 양념 살짝 나 고수 맛 자꾸 맛 제 간 랭셉 가게 휴지 돈 분 휴지 물티슈 꼭,,[]
언제 방문 태국 수도 방콕 볼거리 거리 동남아시아 대표 도시 요 방콕 여행 위 기본 정보 방콕 매력 수 대표 여행지 안 핫 레이스 방콕 여행 모든 것 소개 unsplash tourismthailand unsplash tourismthailand,,[]
방콕 첫 끼 모닝 글로리 볶음밥,Kuang Seafood กวง ซีฟู๊ด,[]
친구 방콕 박 여행 일정 방콕 유 경험 넷 방문 필수 맛집 마사지 요가 관광 쇼핑 단 하나 방콕 여행기 트리플 여행자 상 빈틈 박 방콕 여행 일정 소개 방콕 여행 태그 공유 저장 상세 여행 일정 스토리 모음 확인 수 triplekr 프로필 링크 클릭 triplekr,"Bangkok,Thailand",[]
방 콕 말 태국 방콕 여행자 도시 방콕 나볼 수 경험 배 타고 입장 시장 구경 모양 방콕 사원 크루즈 타고 야경 기 찻길 위 시장 최신 방콕 여행 정보 알 프로필 링크 내용 확인 WISHBEEN 개 진짜 여행 정보 위시 빈 방콕여행 WISHBEEN,,['#방콕여행']
물이 수 속성 드래곤,Kimpton Maa-Lai Bangkok,[]
kg 방콕 맛집 총 정리 태국 음식 취향 저격 방콕 맛집 똠 꿍 쏨땀 팟퐁 커리 팟타이 쥐 야시장 못 헤어 악어고기 사람 댓글 후기 좀 방콕 가야 이유 방콕 방콕여행 방콕 맛집 방콕 먹거리 방콕 음식 방콕 카페 방콕 야시장 태국 여행 태국 음식 kg,,"['#방콕', '#방콕여행', '#방콕맛집', '#방콕먹거리', '#방콕음식', '#방콕카페', '#방콕야시장', '#태국여행', '#태국음식']"
주말 대로 수 아난타 리버사이드 방콕 리조트 차오프라야강 리조트 수영장 베드 후기 여름 방콕 계획 곳 Anantara Riverside Bangkok Resort 위치 톤부리 태국 체크 체크아웃 가격 아고다 기준 사진 출처 rie Anantara Riverside Bangkok Resort rie,"방콕, 태국",[]
살라 타나 코신 방콕 온 이유,"Sala Rattanakosin, Bangkok",['#살라라타나코신']
방콕 가면 거 꼭 거 대신 방콕 뭘 글 저장 가세 요새 해외여행 출발 여행 무작정 계획 형 지금 바로 팔로우 travelgilbut 여행가 친구 공유 해외여행 태국 여행 방콕여행 푸켓 방콕여행 정보 태국 여행 정보 travelgilbut,,"['#태국여행', '#방콕여행', '#방콕여행정보', '#태국여행정보']"
나 N 방콕 때 관광지 이자 내 애정 곳왓아룬 일몰 조합 정말 사랑 왓아룬 일몰 건너편 왓포 방향 살라 코신 더 데크 이글 네스트 등 루프 탑 이글 네스트 한국인 제일 예약 못 포기 일몰 전 것 추천 eeemjeee mustcatmag 팔로우 더 정보 혜택 N eeemjeee mustcatmag,,[]
태국 여행 Day 번 사진 번의 야경 비디오 더 립버 사이드 방콕 은 시내 아속 나나 지역 플래티넘 시장 우리나라 동대문 시장 코끼리 바지 사고 투어 이제 호캉스 오프 강 신상 호텔 thesalilhotelriversidebangkok 이동 호텔 수영장 뷰 픽 숙소 완전 신상 호텔 침구 구조 맘 쏙 방이 다소 작고 조식 평타 느낌 잠옷 제공 어메니티 추천 또 다른 장점 호텔 게스트 전용 수상 버스 제공 아이콘 시 암 아시안 티크 등 관광지 전용 수상 버스 별도 승차 이용 가능 아시안 티크 예전 북적 거리 강바람 창 맥주 마시기 태국 이마트라 빅씨 마트 입점 키친 구매 해산물 고기 즉석 요리 때문 호텔 오프 강 근처 숙소 전통 호텔 워낙 고민 신상숙 소도 추천 방콕 쇼핑 옷 가방 악세사리 류 구매 뚜짝 시장 추천 더 플래티넘 패션 동대문 건물 쇼핑 수 무엇 센트럴월드 근처 말 카페 쇼핑 후 커피한잔 여유 수상 버스 가면 바로 시장 앞 리기 때문 방콕 교통체증 자유 swimwear delmar swims swim 모노키니 추천 수영복 추천 방콕 호텔 추천 더 리버사이드 thailand thailand thailandtravel thailandtrip 방콕여행 태국 여행 여행 여행사진 여행 기록 Day thesalilhotelriversidebangkok swimwear delmar swims swim thailand thailand thailandtravel thailandtrip,,"['#더살릴립버사이드방콕', '#짜오프라야강', '#방콕쇼핑', '#방콕호텔추천', '#thailand', '#thailand', '#thailandtravel', '#thailandtrip', '#방콕여행', '#태국여행', '#여행에미치다', '#여행기록']"
방콕 맛집 모음 Sala rattanakosin Bangkok Maha Rat Rd Phra Borom Maha Ratchawang Phra Nakhon Bangkok 왓아룬 제일 곳 창가 자리 메일 예약 필수 AdminsalarattanakosincomA Pink Rabbit Bob Cafe Maha Rat RdPhra Nakhon Bangkok 방콕 덕 케이크 맛집 Kin Koff Cafe Maharaj Tha Tien Prabarommaharachchawang Pranakorn Bangkok 늕데 팟타이 꿀 맛집 임 Jeh O Chula Rong Muang Pathum Wan Bangkok 태국 미슐랭 맛집 똠양쿵 똠양쿨 기 시간 임 Tichuca Rooftop Bar T one Soi Sukhumvit Phra Khanong Khlong Toei Bangkok 대기 시간 좀 꼭 가치 곳 Jodd Fairs Night MarketRama IX Rd Huai Khwang Bangkok 랭쌥 국물 똠양쿵 고기 국물 Iconsiam Charoen Nakhon Alley Khlong Ton Sai Khlong San Bangkok 아이콘 시암 쇼핑몰 맨 위층 이 감자 튀김 꼭 Bitterman Sala Daeng Rd Silom Bang Rak Bangkok 매장 인테리어 음식 진짜 최근 간 방콕 식당 제일 곳 Jojo padthai khaosan road Khaosan Rd Talat Yot Phra Nakhon Bangkok 맛 줄 그 길거리 음식 그대로 Sala rattanakosin Bangkok Maha Rat Rd Phra Borom Maha Ratchawang Phra Nakhon Bangkok AdminsalarattanakosincomA Pink Rabbit Bob Cafe Maha Rat RdPhra Nakhon Bangkok Kin Koff Cafe Maharaj Tha Tien Prabarommaharachchawang Pranakorn Bangkok Jeh O Chula Rong Muang Pathum Wan Bangkok Tichuca Rooftop Bar T one Soi Sukhumvit Phra Khanong Khlong Toei Bangkok Jodd Fairs Night MarketRama IX Rd Huai Khwang Bangkok Iconsiam Charoen Nakhon Alley Khlong Ton Sai Khlong San Bangkok Bitterman Sala Daeng Rd Silom Bang Rak Bangkok Jojo padthai khaosan road Khaosan Rd Talat Yot Phra Nakhon Bangkok,방콕,[]
여행가 인생 샷 비법 여행가 기전 주사 얼굴 관리 살 정리 최고 주사 성형 외과 피부 압구정 피부 압구정 성형 외과 강남 피부 방콕여행 방콕 호텔 bangkoktrip bangkokhotel bangkoktravel bangkoktrip bangkokhotel bangkoktravel,Bangkok,"['#방콕여행', '#방콕호텔', '#bangkoktrip', '#bangkokhotel', '#bangkoktravel']"
방콕 카페 곳 모음 방콕 여행 중 달달 곳 사 니스 방콕 SARNIES 여기 인생 브라우니 이색 오렌지 커피 도 처음 경험 분위기 커피 디저트 완전 서양인 손님 대부분 동선 강추 에프 터유 AfterYou 여기 빙수 진짜 지점 여러 군데 얼음 정말 사르르 얼음 녹지 줄줄 안 생 망고 스티 키라 이스 찰밥 요게 또 방콕 별미 빙수 진짜 저희 Tha Maharaj 지점 부두 쪽 뷰 웨이 팅 여유 분위기 차 PangCha 여기 타이 밀크 티 타이 밀크 티빙 수가 곳 여 기도 지점 여러 군데 마지막 공항 펄 식감 다른 펄 이색 재미 더 곳 SUNDAE 사장 직접 아이스크림 곳 옥수수 아이스크림 여행 메리 방콕 방콕 맛집 방콕여행 방콕 카페 추천 방콕 디저트 방콕 핫 방콕 곳 방콕 빙수 방콕 데이트 SARNIES AfterYou Tha Maharaj PangCha SUNDAE,"Bangkok,Thailand","['#방콕카페', '#사니스방콕', '#AfterYou여기', '#PangCha여기', '#방콕맛집', '#방콕여행', '#방콕카페추천', '#방콕디저트', '#방콕핫플', '#방콕가볼만한곳', '#방콕빙수', '#방콕데이트']"
Its 방콕여행 방콕 맛집 왓아룬 Its,Riva Arun Bangkok,"['#방콕여행', '#방콕맛집', '#왓아룬']"
야경 야시장 방콕 밤 한번 에어 텔 방콕 저녁 핫 가요 방콕 저녁 핫 top 왓아룬 아이콘 시암 티츄카 루프 탑 야경 카오산로드 조 드 페어 야시장 조 드 페어 야시장 먹거리 추천 랭쌥 망고 주스 크리스 피 버터 롤 꼬치 류 사진 제공 u x me dawn 사진 제공 방콕 여행 계획 프로필 링크 클릭 더 여행지 정보 airteltour 를 팔로우 top u x me dawn airteltour,,[]
인생 샷 다수 방콕 핫 총 정리 방콕여행 필수 코스 한번 몽땅 정리 방콕 왕궁 왓아룬 야시장 수상 시장 쥐 추린 정도 방콕여행 이대 로만 무리 당장 저장 여름 휴가 방콕 방콕 방콕여행 방콕 핫 태국 여행 방콕 곳 왓아룬 방콕 왕궁,,"['#방콕', '#방콕여행', '#방콕핫플', '#태국여행', '#방콕가볼만한곳', '#왓아룬', '#방콕왕궁']"
매일 매일 눈 조식 수영 그거슨 행뽁,방콕,[]
낮 밤 왓아룬 뷰 음식 또한 행복지수 가득 하루,Riva Arun Bangkok,[]
이색 움 수 방콕 꼭 방문 카페 다섯 곳 장해 방콕 여행 계획 때 참고 빠톰 닉리빙 베드 앤 스 데이 드림 빌리버 비터맨페더 스톤 사진 제공 hereu daabins ummmchicken minchuu lee odin actionhara 프로필 링크 속 신규 회원 할인 쿠폰 이벤트 hereu daabins ummmchicken minchuu lee odin actionhara,,[]
태국 방콕 여행 코스 박 자유여행 총 정리 대도시 쇼핑 천국 방콕 액 티비 티 휴양지 파타야 것 볼 것 태국 태국 매력 우리 다음 진짜 방콕 여행가 친구 주자감 성적 여행지 공간 소개 tourtoctoc 팔로우 당신 감성 Find with us 게시 물 대한 문의사항 질문 DM 해주시 태국 여행 방콕여행 방콕 맛집 액 티비 티 해외여행 나이 파타야 망고 빙수 산호섬 여행 코스 꿀팁 여행 톡톡 tourtoctoc Find with us DM,,"['#방콕', '#태국여행', '#방콕여행', '#방콕맛집', '#나이쏘이', '#여행코스', '#여행톡톡']"
여행 힘 사람 방콕 바이브,방콕,[]
애프터눈티,Sindhorn Kempinski Hotel Bangkok,[]
여기,U Sathorn Bangkok,[]
얼굴 엉망 왜 자꾸 뒤 보,Anantara Riverside Bangkok Resort,[]
수영장 스타벅스 딜리 물놀이 맥주 필수 햐,태국,[]
태국 가면 한번 레이디 이유 이제야 추억 팔이 태국 여행 방콕여행,태국,"['#태국여행', '#방콕여행']"
먹킷 과 사전 태국 top 태국 필수 코스 군데 메모 지역별 정리 태국 모든 것 맛집 카페 관광지 숙소 완벽 정리 저장 안 손해 태국 여행 방콕여행 치앙마이 여행 푸켓 여행 top,,"['#태국', '#태국여행', '#방콕여행', '#치앙마이여행', '#푸켓여행']"
,U Sathorn Bangkok,[]
방콕 맛집 업데이트 방콕 꼭 가야 맛집 곳 소개 음식 여행지 답 태국 요리 디저트 한국 보기 음식 맛집 경험 수 방콕 여행 간다 꼭 참고 솜 씨 푸드 게살 듬뿍 푸팟퐁 커리 꾼댕 잡 유안 쫄깃 면발 감칠맛 국물 매력 끈 국수 더 데크 레스토랑 왓아룬 뷰 맛집 글 새우 팟타이 디 아우 매 끌롱 산더미 매콤 랭쎕 램자런 씨 푸드 단 소스 생선 살의 농어 튀김 칠리 농어 노스이스트 바삭 함 닭 날개 튀김 크기 땡 모반 롱 토우 카페 딤섬 수 뉴 딤섬 세트 차 미슐랭 선정 밀크 티 빙수 방콕 인기 호텔 무제한 할인 하이라이트 링크 더 방콕 여행 정보 알 tourvis official 팔로우 투 어비스 tourvis 여행지 추천 방콕여행 방콕 맛집 tourvis official tourvis,,"['#여행지추천', '#방콕여행', '#방콕맛집']"
Hello Thailand 방콕 나날 Hello Thailand,,[]
한국인 방콕 인생 샷 명소 핫 카페트 립코디 앱 여행 후기 제보 주시 트립코디 유디 인스타그램 소개 분위기 여기 인생 샷 안 방콕 아마존 성 여러 포토 존 사진 재미 방콕 시내 거리 좀 저 아침 버블 더 포레스트 점심 카페 다만 택시 잡 때 안 수 After the rain CoffeeGallery 방콕 시내 소 요인 음료 주문 계산 후 사진촬영 가능 음료 안 사진 찍 시 바트 내면 배타 실제 바퀴 돌 수 요트 립코디 인스타그램 로라 제이 bbang js s 사진 더 여행 후기 트립코디 앱 확인 앱 스토어 트립코디 앱 바로 다운 가능 After the rain CoffeeGallery bbang js s,,[]
당장 방콕 방콕여행 해외 해외여행,Avani Pattaya Resort,"['#방콕', '#방콕여행']"
맛 성지 태국 방콕 맛집 태국 볼 수 음식 준비 카 소개 곳 실패 맛집 투어 수 거 게시 물 저장 방콕여행 계획 참고 친구 맛집 대장 소리 On Lok Yun 폭 신한 빵 달달 카야 잼 수 브런치 맛집 폴로 프라이드 치킨 치킨 생각 더욱 태국 맥주 환상 궁합 피어 태국 음식 푸드코트 크루 폰 라마 산책 수 최적 장소 캔톤 하우스 세계 최대 차이나 타운 딤섬 사진 제공 lovehikingh ebholic bbdgdmaboo joyone ssori 프로필 링크 속 국내 렌트카 할인 쿠폰 이벤트 경품 응모 진행 마감 전 확인 On Lok Yun lovehikingh ebholic bbdgdmaboo joyone ssori,방콕,[]
물 중,,[]
속보 방콕 유명 호텔 한국인 관광객 사망 과식 심정지 하루 끼,Four Seasons Hotel Bangkok,[]
나눙 파타야 표 파타야 여행 방콕여행 태국 여행 파타야 풀 빌라,Mason Pattaya,"['#파타야여행', '#방콕여행', '#태국여행', '#파타야풀빌라']"
주 아침 운동 kg 감량 여행 전 입 여행 차 수영장 주 노력 완전 리셋 P 수영복 쇼핑 방콕 쇼핑 작년 수영복 재탕 여름 준비 여름 휴가 방콕여행 작년 여름 수영복 재탕 다이어트 일기 모닝 아침 운동 크로스핏 다이어트 여행사진 보정 원본 투척 kg P,다이어트하자,"['#방콕여행', '#다이어트했는데', '#보정은귀찮아']"
한번 비 안 이번 방콕 카오산로드 간 이유 요 때 필수 코스 인생 삼겹 네일케어 인생 코코넛 쉐이크 사악 방콕 방콕여행 카오산로드 bkk bangkok thailand kaosanroad bkk bangkok thailand kaosanroad,Kao San Road Bangkok,"['#방콕', '#방콕여행', '#카오산로드', '#bangkok', '#thailand', '#kaosanroad']"
요즘 방콕 현지 제일 핫 테라스 카페 북적 도시 분위기 느낌 선호 완전 취향 저격 곳 평화 푸릇푸릇 현지 MZ 핫 곳 실제 평일 산책 현 지인 여유 분위기 분 Dont Order This 칵테일 Sweet Potato Fries 꼭 CRAFT Bangkok Kimpton MaaLai 호텔 층 영업 시간 오전 자정 펫 프렌들리 생각 강아지 참고 방문 저 오히려 룸피 공원 근처 구경 MZ Dont Order This Sweet Potato Fries CRAFT Bangkok Kimpton MaaLai,방콕,[]
yuahnmeswimming all daypooltime 호캉스 방콕여행 방콕 호텔 비키니 수영복 모노키니 여행 스타 그램 프리랜서 모델 피팅모델 운동 여자 풀 빌라 bkk bangkokhotel bikinigirl yuahnmeswimming all daypooltime bkk bangkokhotel bikinigirl,,"['#방콕여행', '#방콕호텔', '#bangkokhotel']"
,Villa Deva Resort & Hotel Bangkok,[]
한국인 팔로워 학동 피부관리 서귀포 타투 베이 킹 캔들 배곧왁싱 홍대 연기 학원 여 수삼 합 맛집 방콕여행 꽃 풍선 수업 웨딩홀 섭외 결혼기념일 꽃바구니 아기 코디 서면 젤 네일 핸드 메이드 강아지 옷 다이어트 성공,,[]
방콕 자유여행 준비 중이 라면 하나 콘 스카이 워 전망대 m 의 높이 자랑 초고 층 빌딩 태국 가장 건축물 이자 랜드마크 초 고속 엘리베이터 타고 층 전망 수 층 루프 탑 바 투명 유리 포토 존 방문 추천 BTS 스카이트레인 우리나라 지하철 유사 방콕 교통체증 때문 BTS 이용 추천 이용 시마 티켓 발권 때문 카드 현금 충전 사용 수 BTS 스카이트레인 래빗 카드 구매 추천 클룩 예매 시 수완 품 공항 or 센트럴 월드 수령 가능 충전 모든 BTS 역 매표소 가능 잔액 매표소 환불 가능 하루 탑승 계획 라면 BTS 스카이트레인 일일 패스 구매 추천 하루 종일 무제한 이용 차 오프 프린세스 크루즈 차 오프 강 아시아 티크 왓포 왓아룬 방콕 사원 웅장 풍경 감상 수 선셋 크루즈 디너 크루즈 구분 스카이 워 낮 방문 디너 크루즈 이용 추천 방콕 여행 준비 지금 바로 klookkr 프로필 확인 yelime newspring o kjy datdatk lovely ej bebe jxyou m BTS BTS BTS or BTS BTS klookkr yelime newspring o kjy datdatk lovely ej bebe jxyou,,[]
방콕 마지막 날 저녁 Avoveriva 왓아룬뷰 식당 곳 정말 전 여기 강 예약 무조건 미리 가세 거리 랩 차 도착 함 개인 왓아룬뷰 식당 중 여기 제일 테라스 천장 비 여기 음식 Avoveriva,Above Riva Rooftop Bar & Restaurant,[]
으슬으슬 땐 나라 의 방콕 건기 지금 해외 여행지 도시 교통 쇼핑 국적 사원 왕궁 투어 등 것 천사 도시 고도 방콕 매력 포 뚜 물가 숙소 가성 비 카오산로드 나이트 라이프 타 이마 사지 여독 풀기 팟타이 똠양꿍푸팟퐁 커리 망고 밥 여행 가게 정리 방콕 지역별 숙소 추천 보고 이번 해외여행 방콕여행 고고 더 여행 정보 여행가 프로필 링크 확인 여행 여행 가게 나 여행 여행가 총 정리 방콕여행 태국 여행 방콕 숙소 방콕 호텔 방콕 곳 방콕 숙소 추천,방콕,"['#방콕여행', '#여행가게', '#방콕여행', '#태국여행', '#방콕숙소', '#방콕호텔', '#방콕가볼만한곳', '#방콕숙소추천']"
발리 수영복 방콕 오히려 천지인 곳 천국 저 쉬 일도 잠시 집중 에너지 만 땅 풍요 한가위 방콕 방콕여행 bangkok bikini bangkok bikini,방콕,"['#방콕', '#방콕여행', '#bangkok']"
방콕 여행 코스 야시장 수 필수 코스 요 반드시 방콕 야시장 추천 이대 로만 가면 여행 아시아 티크 조 드 페어 뚜짝 카오산로드 더 원 라차 먹거리 볼거리 방콕 야시장 시장 분위기 완전 방콕여행 준비 중이 시 라면 코스 반드시 방콕 여행 bobtour thaibobtour thai bobtour officialbobtour officialbobtour official 팔로우 더 해외여행 꿀팁 방콕여행 방콕 패키지 방콕 야시장 방콕 곳 방콕 핫 bobtour thaibobtour thai bobtour officialbobtour officialbobtour official,,"['#방콕여행', '#방콕패키지', '#방콕야시장', '#방콕가볼만한곳', '#방콕핫플']"
댜 방콕여행 더 리버사이드 방콕 호텔 추천 방콕 호텔 holidays 운동 여자 holidays,The Salil Hotel Riverside - Bangkok,"['#방콕여행', '#방콕호텔추천', '#방콕호텔']"
왓아룬 똠얌 파스타 냠,Above Riva Rooftop Bar & Restaurant,[]
셀라 스윔 웨어,Sela Chiangmai,[]
원대 휴양지 감성 성 급 리조트 관광 위해 방콕 가지 휴양 포기 수 꼭 추천 곳 동남아 분위기 수 수심 M M 대형 수영장 강가 야외 조식 스파 시설 워낙 규모 리조트 조금 박 이상 것 추천 sopring 순간 태국 방콕 아난타 리버사이드 방콕 리조트 Anantara Riverside Bangkok Resort 주소 Charoennakorn Road Samrae Thonburi 방콕 리버사이드 방콕 태국 요즘 숙소 방콕 태국 여행 방콕 호텔 방콕 리조트 방콕여행 해외여행 태국 호텔 태국 숙소 왓아룬 방콕 숙소 방콕 맛집 방콕 핫 방콕 호텔 추천 아난타 아난타 리버사이드 M M sopring Anantara Riverside Bangkok Resort Charoennakorn Road Samrae Thonburi,,"['#태국', '#방콕', '#아난타라리버사이드방콕리조트', '#요즘숙소', '#태국여행', '#방콕호텔', '#방콕여행', '#태국호텔', '#태국숙소', '#왓아룬', '#방콕숙소', '#방콕맛집', '#방콕핫플', '#방콕호텔추천']"
인스타 팔로워 국립박물관 애견 용품 쇼핑몰 국밥 맛집 옥계 미용실 효성 쥬얼리 시티 사당역 맛집 헤어 라인 반영구 부암동 네일 레이어 드 cs 컬펌 네일 방콕여행 구 인테리어 곳 인테리어 화분 신평 마카롱 cs,,[]
밀라노 SS 런웨이 태국 스타 무뎅 khamooandthegang 이 등장 예술가 RickDickrickdick 이 제작 AI 현 실감 사진 때문 해외 SNS 화제 무뎅 몸 표정 때문 태국 전 세계 인기 끌 태국 키 여우 동물원 아기 하마 무뎅 태국어 돼지고기 완자 뜻 rickdick SS khamooandthegang RickDickrickdick AI SNS rickdick,,[]
다음생 제주도 해남 전복 라면 매일,"Hong Island, Krabi, Thailand",[]
하루 수영 두 파타야 못 사진,"Cape Dara Resort, Pattaya",[]
방콕 BKK 부터 태국 달 살기 시작 언제 일단 편도 회사 때 꿈 못 일 나름 디지털 노마드 것 지난 방콕 촬영 이번 분 무척 요 Fujifilm XS XF mm F 방콕 일상 스냅 인물사진 스냅 촬영 후지필름 bangkok thai 방콕 스냅 방콕여행 seoulphotographer fujifilm fujifilm xseries portrait bkk modelshoot koreanphotographer fujifilmthailand fujifilmphotography BKK Fujifilm XS XF mm F bangkok thai seoulphotographer fujifilm fujifilm xseries portrait bkk modelshoot koreanphotographer fujifilmthailand fujifilmphotography,방콕,"['#방콕', '#bangkok', '#thai', '#방콕스냅', '#방콕여행', '#fujifilmthailand']"
노스이스트 North East 한국인 픽 맛집 제일 입맛 식당 웨이 팅 좀 마지막 릴스찍다 영상 태국 여행 방콕여행 방콕 여행 여행 스타 그램 방콕 맛집 노스이스트 bangkok North East bangkok,Northeast Restaurant,"['#태국여행', '#방콕여행', '#방콕', '#방콕맛집', '#bangkok']"
Happy Bday 생일 기념 만 업데이트 축하 hbd Happy Bday hbd,The Siam,[]
수영 사람 여기 여기,방콕,[]
날씨 마지막 호텔 thepeninsulabangkok 태국 thailand 방콕 bangkok 태국 여행 thailandtravel 방콕여행 bangkoktrip 방콕 호텔 bangkokhotel 방콕 호텔 수영장 더 페닌슐 방콕 thepeninsulabangkok 여름 휴가 summervacation ootd 티디 dailylook 데 일리 오운완 바디 프로필 bodyprofile 운동 남자 운동 회사원 운동 직장인 thepeninsulabangkok thailand bangkok thailandtravel bangkoktrip bangkokhotel thepeninsulabangkok summervacation ootd dailylook bodyprofile,The Peninsula Bangkok,"['#태국', '#thailand', '#방콕', '#bangkok', '#태국여행', '#thailandtravel', '#방콕여행', '#bangkoktrip', '#방콕호텔', '#bangkokhotel', '#방콕호텔수영장', '#더페닌슐라방콕', '#thepeninsulabangkok']"
시절 사 진보면 급 가게 준비 살짝 몸 겨울 평균 이상 구해 올해 더 더욱 눈 깜빡 가을 생활 속 건 습관 하나 추가 백배 길 택해 우리 의미 깨별 선물 이벤트 중이 프로필 링 크루 레츠고,방콕,[]
놀때 제일 나 방콕여행 왓아룬 왓아룬 야경,방콕,"['#방콕여행', '#왓아룬', '#왓아룬야경']"
태국 태국 방콕 태국 여행 태국 생활 방콕여행 방콕 핫 방콕 핫 레이스 태국 카페 방콕 카페 방콕 카페 투어 주말 주말 일상 주말 스타 그램 주말 나들이 weekend weekendoff bangkok thailand happyday happylife koreanstyle koreanfashion ootd outfitinspiration outfitoftheday inspo inspofashion koreangirl weekend weekendoff bangkok thailand happyday happylife koreanstyle koreanfashion ootd outfitinspiration outfitoftheday inspo inspofashion koreangirl,Plantiful,"['#태국', '#방콕', '#태국여행', '#태국생활', '#방콕여행', '#방콕핫플', '#방콕핫플레이스', '#태국카페', '#방콕카페', '#방콕카페투어', '#주말', '#주말일상', '#주말나들이', '#bangkok', '#thailand', '#koreanstyle', '#koreanfashion']"
요즘 현지 mz 방콕 선셋 스팟 초 대박 왓아룬 뷰 루프 탑 늘 예약 기 쪽 새 노을 스팟 네이버 검색 정보 안 히든 스팟 정말 로컬 mz 맥주 캔 작 저 멀리 왓아룬 보이 사람 구경 노을 구경 곳 핫 방콕 매력 잔뜩 루프 탑 현지 분위기 보고 분 완전 추천 Phra Phutthayotfa Bridge Bangkok 건너편 Phra Pokklao Bridge 도 선셋 스팟 다리 밑 어쩐지 꽃 팔 더 꽃 다발 사진 나 꽃 여러분 꼭 꽃 사진 mz mz Phra Phutthayotfa Bridge Bangkok Phra Pokklao Bridge,방콕,[]
야경 방콕 계획 시간 왓아룬,왓 아룬,[]
하루 맥주 병 복근 바로 태국 맛집 투어 포기 못,"방콕, 태국",[]
방콕 가면 꼭 방콕 어디 가야 글 저장 가세 요새 해외여행 출발 여행 무작정 계획 형 지금 바로 팔로우 travelgilbut 여행가 친구 공유 해외여행 태국 여행 방콕여행 푸켓 방콕여행 정보 태국 여행 정보 travelgilbut,,"['#태국여행', '#방콕여행', '#방콕여행정보', '#태국여행정보']"
방콕 사랑,방콕,[]
로맨틱 왓아룬 필수 템 꽃다발 빡크렁딸랏 꽃 시장 왓아룬 일몰 이 코스 무조건 가야 꽃 다발 바트 의 행복 첫 일 정이 요기 꽃 시장 사장 하루 종일 기분 최고 다발 구매 다발 더 선물 태국 인심 아주 꽃다발 사고 왓아룬 수 거리 이 코스 완전 추천 왓아룬 일몰 때 꽃다발 왓아룬 가기 꼭 꽃 시장 나찌 태국 나찌 방콕 태국 태국 여행 방콕 방콕여행,방콕,"['#나찌태국', '#나찌방콕', '#태국', '#태국여행', '#방콕', '#방콕여행']"
보트 탑승 구경 수상 시장 기차 바로 옆 철길 시장 꿀잼 보장 방콕 시장 투어 방콕 시장 투어 담넌 사두 수상 시장 방콕 대표 수상 시장 암 파 수상 시장 야경 유명 금토 일만 방문 가능 매 끌롱 철길 시장 기 찻길 양옆 위치 시장 기차 탑승 체험 가능 방콕 이색 투어 예약 지금 바로 klookkr 프로필 확인 aprilfd source yu iyoung shimgrang lloveeely klookkr aprilfd source yu iyoung shimgrang lloveeely,,[]
방콕 살기 방콕 방콕여행 bkk bangkok thailand 풀 빌라 비키니 다이어트 bkk bangkok thailand,Bang Kok Thailand,"['#방콕', '#방콕여행', '#bangkok', '#thailand']"
여름 태국 이번 여행 방콕 도시 전체 관광지 태국 수도 방콕 왕궁 사원 야시장 쇼핑 센터 등등 볼거리 거리 도시 이번 휴가 계획 분 에디터 추천 방콕 숙소 BEST 호텔 편안함 인생 사진 수 곳 꼭 살라 타나 코신 성 급 왓아룬 한눈 호텔 제일 인기 룸 왓아룬 디럭스 코너 룸 포시즌스 방콕 성 급 도 오픈 차오프라야강 바로 앞 전 객실 리버 뷰 신상 호텔 층 수영장 에프 터눈티 유명 신돈 미드타운 방콕 성 급 도 오픈 시티 뷰 가성 비 신상 호텔 호텔 앞 편의점 bts 칫롬역 도보 소 방콕 성 급 방콕 센트럴 파크 룸 공원 한눈 호텔 룸피 mrt 역 도보 루프 탑 인피니티 풀 유사 톤 방콕 성 급 도심 가운데 휴양지 리조트 컨셉 호텔 체크 아웃 서비스 제공 더 페닌슐 방콕 성 급 리버 뷰 단 계단 수영장 특징 차오프라야강 앞 클래식 호텔 아이콘 시암 무료 셔틀 보트 운행 아난타 리버사이드 방콕 성급푸릇 나무 미터 수심 수영장 호텔 제일 인기 룸 리 버프론 트 룸 사 톤 피어 무료 셔틀 보트 운행 사진 출처 bbang js s volde nuit jenuine v meee happysaea bosal mmm jinn yujeonge ourcampdays 방콕 호텔 방콕여행 태국 여행 태국 호텔 방콕 숙소 방콕 숙소 방콕 호텔 추천 방콕 수영장 방콕 야경 감성 숙소 왓아룬 왓아룬 야경 오프 강 룸 공원 방콕여행 방콕 핫 방콕 자유여행 동남아 여행 동남아 여행 추천 동남아 여행지 BEST bts mrt bbang js s volde nuit jenuine v meee happysaea bosal mmm jinn yujeonge ourcampdays,방콕,"['#살라라타나코신', '#포시즌스방콕', '#신돈미드타운방콕', '#소방콕', '#유사톤방콕', '#더페닌슐라방콕', '#아난타라리버사이드방콕', '#방콕호텔', '#방콕여행', '#태국여행', '#태국호텔', '#방콕숙소', '#방콕숙소', '#방콕호텔추천', '#방콕수영장', '#방콕야경', '#왓아룬', '#왓아룬야경', '#짜오프라야강', '#방콕여행중', '#방콕핫플', '#방콕자유여행', '#동남아여행', '#동남아여행추천', '#동남아여행지']"
서울 누가 수 티츄카,Tichuca,[]
조식 어제 피드 올리브 카키 린넨 셔츠 효 주가 스트라이프 버전 출시 옆 선 단추 추가 부착 살짝 다른 무드 연출 스커트 바로 발송 오픈 커밍 순,,['#커밍순']
장 기념 으루 방콕 모음 태국 태국 여행 방콕여행 방콕 여행 여행 스타 그램,방콕,"['#태국', '#태국여행', '#방콕여행', '#방콕']"
유저 Pick 태국 방콕 만 곳 위시 빈 유저 먼지 추천 태국 방콕 추천 스팟 파타야 원데이 투어 뚜짝 시장 람부 로드 얀 트리 버티고 앤 바 다음 콘텐츠 전문 위시 빈 앱 다운로드 먼지 검색 PC 볼 수 포털 검색 창 위시 빈 검색 WISHBEEN 세상 모든 여 행위 시 빈 방콕여행 Pick PC WISHBEEN,,['#방콕여행']
태국 키 여우 동물원 아기 하마 무뎅 khamooandthegang 이 현지 인기 끌 무뎅 태국어 돼지고기 완자 뜻 몸 표정 때문 사람 사랑 사육사 다른 하마 걸 곧바로 키 여우 동물원 방콕 파타야 이동 때 방문 코스 중 하나 태국 여행 계획 참고 khamooandthegang khamooandthegang khamooandthegang,,[]
동생 백 서프라이즈 꽃 방콕 누 시간 이 여름 휴가 끝 방콕여행 방콕 라이프 방콕 호텔 방콕 쇼핑 방콕 생활 방콕 핫 방콕 호텔 추천 호캉스 bangkok bangkok,The Salil Hotel Riverside - Bangkok,"['#방콕여행', '#방콕라이프', '#방콕호텔', '#방콕쇼핑', '#방콕생활', '#방콕핫플', '#방콕호텔추천', '#bangkok']"
Day bangkok 커피 원샷 Day bangkok,Someday In Copenhagen,[]
방콕여행 차 좀 중,SO/ Bangkok,['#방콕여행']
IBANGKOK IBANGKOK,Tichuca,[]
날씨 럭키 비키,방콕,[]
오렌지 빤스 기선 제압 실패,Anantara Riverside Bangkok Resort,[]
수영 물 인지상정 통창 욕조 조합 머리 산발 물 미역 햅삐 배 힘 잔뜩 주기 필수 비키니 비키니 추천 비키니 욕조 욕조 샷호캉스 방콕 호텔 방콕여행 여행 스타 그램,137 Pillars Suites & Residences Bangkok,"['#방콕호텔', '#방콕여행']"
앞 뒤 뒤 로만 총 총총 사실 유독 몸 티셔츠 룸 파크 소 방콕 뷰 정말 뷰 앤더슨 벨 태국 룸 공원 방콕 태국 여행 방콕여행 소 방콕,สวนลุม Lumpini Public Park,"['#태국', '#방콕', '#태국여행', '#방콕여행', '#소방콕']"
방콕 여행 못 수도 매년 cm 물속 태국 방콕 안 침몰 경고 방콕 방콕여행 태국 여행 해수면 해외여행 cm,,"['#방콕', '#방콕여행', '#태국여행', '#해수면']"
수영장 길 파타야 방콕여행 짓 파타야 파타야 호텔 pataya holidays patayatrip bangkok bikinilife bikiniseason 여행 dusitthani dusitthanipattaya pataya holidays patayatrip bangkok bikinilife bikiniseason dusitthani dusitthanipattaya,"Pataya, Thailand","['#방콕여행', '#파타야호텔', '#bangkok']"
날 방콕여행 방콕 호텔 더 리버사이드 태국 여행 비키니 셀피 방콕,The Salil Hotel Riverside - Bangkok,"['#방콕여행', '#방콕호텔', '#태국여행', '#방콕']"
합법 공간 수영장 조합 햄 치맥 최고,Shangri-La Bangkok,[]
아침 조식 수영 못,The Raweekanlaya Bangkok Wellness Cuisine Resort,[]
이번 달 아인 처음 해외여행 그 곳 바로 정답 옥 아들 수영 준비 방콕 방콕여행 파크 하얏트 방콕 parkhyattbangkok 오유 패밀리 parkhyattbangkok,Park Hyatt Bangkok,"['#방콕', '#방콕여행', '#파크하얏트방콕', '#parkhyattbangkok']"
여름 다시 온 기념,왓 아룬,[]
광고 태국 방콕 여행 중 가장 힐링 순간 스테이 브릿지 방콕 통로 호텔 루프 탑 시티 뷰 감상 수영 낮 뷰 밤 야경 비키 비키 신상 수영복 수영 거 효과 짱 인생 샷 잔뜩 준 dmswls 최고 스테이 브릿지 방콕 staybridgesuitesstaybridgesuitesbangkokthonglor 방콕 호텔 태국 호텔 방콕 호 캉스 수영장 루프 탑 수영장 호텔 수영장 호캉스 방콕여행 태국 여행 Bangkok Thailand 해외여행 태국 방콕 수영복 수영복 코디 비키니 수영복 추천 여자 수영복 staybridgebangkokthonglor dmswls staybridgesuitesstaybridgesuitesbangkokthonglor Bangkok Thailand staybridgebangkokthonglor,"Bangkok, Thailand","['#스테이브릿지방콕통로', '#staybridgesuitesbangkokthonglor', '#방콕호텔', '#태국호텔', '#방콕호캉스', '#수영장', '#호텔수영장', '#방콕여행', '#태국여행', '#Bangkok', '#Thailand', '#태국', '#방콕']"
천국 위 태국 더니,,[]
할인 EVENT 이제 동남아 비즈니스 태국 방콕 아시아나 비즈니스석 탑승 일정 비즈니스 롯데 관광 앤드 로만 롯데 관광 준비 상품 POINT 롯데 관광 고품격 프리미엄 브랜드 HIGH 비즈니스 클래스 탑승 특급 호텔 최대 명 행사 롯데 관광 동남아 추가 HIGH 세계 유명 월드 체인 호텔 미슐랭 선정 맛집 최소 이상 방문 단체 식당 검증 현지 레스토랑 식사 현지 유명 관광지 및 핫 레이스 방문 최소 이상 여유 자유시간 제공 내용 프로필 링크 확인 태국 여행 방콕여행 동남아 여행 비즈니스석 태국 특급 호텔 비즈니스클래스 태국 관광지 롯데 관광 앤드 롯데 관광 여행 EVENT POINT HIGH HIGH,,"['#태국여행', '#방콕여행', '#동남아여행', '#태국특급호텔', '#태국관광지', '#롯데관광하이앤드', '#롯데관광', '#여행에가치를더하다']"
내일 베트남 간다 구 욧 올해 첫 해외 여행 스타 그램,율전동,[]
상어 말 물고기 사냥 법,Pataya Beach,[]
그거 태국 한국 더 태국 여행 방콕여행 방콕 bangkok 운동 여자 비키니 추천 여행 일기 bangkok,방콕,"['#태국여행', '#방콕여행', '#방콕', '#bangkok', '#여행일기']"
동화 곳,방콕,[]
환상 왓아룬 뷰 처음 보고 소리 저 어보 브리 바 방문 더 앞쪽 레스토랑 가면 더 여기 인생 샷 옷 파 사진 찍 여유 제일 곳 방콕 방콕여행,Above Riva,"['#방콕', '#방콕여행']"
다시 일상 흐엑 이번 방콕 만족 방콕 여독 다행 한국 어째 더 방콕 분 저 요 이제 좀 정독 듯 맛집 호텔 방콕여행 끝 방콕 라이프 bangkok bangkok,"The Standard, Bangkok Mahanakhon","['#방콕여행', '#방콕라이프', '#bangkok']"
방콕여행 현실 바 일 중아 직 사진 차차 딩,Tichuca,[]
대한항공 타고 나은 이의 첫 해외여행 방콕 추억 코로나 우기 점도 추억 첫 여행 벌써 전이 사진 속 나은 아가 물놀이 나은 숙소 생일 메일 풍선 케이크 나은 모네 가족 사파리 선상 부페 아이콘 시암 대형 키카 밤 분수 보고 뚜짝 시장 맛 태국 음식 여름 휴가 매번 우기 곳 거 기분 탓 이번 여름 어마 무시 우기 곳 WithKoreanAir Bangkok ThailandMacau travel trip vacation WithKoreanAir Bangkok ThailandMacau travel trip vacation,방콕,"['#Bangkok', '#Thailand', '#trip']"
비 안 천만다행,Tichuca,[]
두번째 사진 킥,방콕,[]
요 번 방콕 호텔 군데 투어 실컷 수영장 비도 안 완전 럭키 비키 방콕 방콕여행 bangkok 방콕 숙소 sobangkok 소 방콕 anantara 아난타 리버사이드 thepeninsulabangkok 더 페니 슐 호텔 방콕 bangkok sobangkok anantara thepeninsulabangkok,,"['#방콕', '#방콕여행', '#bangkok', '#방콕숙소', '#sobangkok', '#소방콕', '#thepeninsulabangkok', '#더페니슐라호텔방콕']"
villadevabangkok 방콕 정말 대도시 대도시 리조트 느낌 호텔 두 마리 토끼 잡 수 사실 TIP 층 테라스 방 예약 방 바로 수영장 수가 방과 수영장 연결 것 핵심 이기 때문 조금 더 층 방 get villadevabangkok TIP get,Villa Deva Resort & Hotel Bangkok,[]
일요일 더 진탕 태국 여행 방콕여행 치앙마이,태국,"['#태국여행', '#방콕여행']"
땡 모 반 아이콘 시암 뤤 쥬스 마려워,태국,[]
여름 기전 얼른 방콕 방콕 방콕여행 소 방콕 percent percent,SO/ Bangkok,"['#방콕', '#방콕여행', '#소방콕']"
how sweet how sweet,Pullman Bangkok King Power,[]
방콕 요약,"Bangkok, Thailand",[]
그림 파타야 수영장 역시 바다,Pataya Thailand,[]
bkkcafebkkcafehoppingbangkokcafebangkokcafehoppingkbblife 방콕여행 방콕 카페 카페 여름 코디 bkkcafebkkcafehoppingbangkokcafebangkokcafehoppingkbblife,IM En Ville อิ่มในเมือง,"['#bangkokcafe', '#bangkokcafehopping', '#방콕여행', '#방콕카페']"
유튜브 시작 영상 여행지 사진 거의 찰나 순간 사진 장 꼭 두기 다짐 날 방콕 마지막 영상 화요일 저녁 둥 방콕 방콕여행 bangkok bangkok,,"['#방콕', '#방콕여행', '#bangkok']"
Not sure if it was him jineuing or Bangkok who stole my heart Not sure if it was him jineuing or Bangkok who stole my heart,방콕,[]
나 여름 방콕여행,Avani+ Riverside Bangkok Hotel,[]
방콕 물개 여름 휴가 다시,방콕,[]
지금 휴가 철 방콕 여행 중이 거나 여행 중 카페 이 피드 미리 저장 꼭 한국인 곳 전 얼른 걸 추천 사진 못 아시 마치 발리 LA 를 것 곳 어디 서나 사진 강강추 저 최근 사람 정말 방콕 카페 친구 태그 FO SHO BRO 방콕 방콕 카페 방콕여행 방콕 맛집 방콕 핫 LA FO SHO BRO,FO SHO BRO,"['#방콕', '#방콕카페', '#방콕여행', '#방콕맛집', '#방콕핫플']"
방콕시티 I cant stop 더 여러분 다음 여행 방콕 방콕 명소 현지 맛집 여행 꿀팁 방콕 여행 정보 모두 꾹꾹 서진 seozinnn 태국 방콕 여행기 속 때 요 지금 때 여러분 여행기 때 인스타그램 goodchoice official 사진 직접 태그 여행 때 때 해시태그 끝 때 여행 때 때 해외 때 때 I cant stop seozinnn goodchoice official,,"['#여행할때여기어때', '#여기어때', '#여행할때여기어때', '#해외갈때여기어때']"
Memories of curvebkk 바 공 덤벨 이용 전신 운동 커브 숨 정도 반복 해 운동 느낌 프로그램 친구 가면 더 곳 방콕 여행 하루 체험 통로 스쿰빗 soi 방콕 운동 방콕여행 curvebkk Memories of curvebkk soi curvebkk,CURVE BKK,"['#방콕운동', '#방콕여행']"
this is tichuca reality tichuca 티츄카 방콕여행 방콕 티츄카 루프 탑바 rooftopbar bangkok 여행 model travel this is tichuca reality tichuca rooftopbar bangkok model travel,Tichuca,"['#방콕여행', '#방콕티츄카', '#bangkok']"
나 여름,방콕,[]
태국 여행 가기 전 꼭 꿀팁 가지 태국 여행 계획 시 라면 참고,태국,['#태국']
여행지 사진 여러분 저 이번 방콕 해 비 날씨 낮 요리조리 피해 누구 여행지 이색 사진 제 대두 원래 얼굴 크기 거 사실 대두 저 방콕 여행기 준비 방콕 여행기 mm 팔로우 여행 정보 방콕 mm,방콕,['#랄라']
태국 여행 고 인물 테스트 Lv 방린 방콕 처음 꼭 필수 코스 Lv N 회차 방콕 시선 트렌디 코스 Lv 고 인물 방콕 현지 모드 이색 코스 Lv 마니아 해외 나 취향 힐링 코스 몽키 트래블 팔로우 태국 여행 정보 Lv Lv N Lv Lv,방콕,[]
방콕여행,,['#방콕여행']
방콕여행 차,,['#방콕여행']
방콕 여행 간다 주환 선물 준 꼬까 옷,Kimpton Maa-Lai Bangkok,[]
휴가,Away Bangkok Riverside Kene,[]
스웻 스윗,방콕,[]
방콕 발리 간의 여정 중 차 마무리 내일 발리,"방콕, 태국",[]
화장 안 셀카 나 제법 sobangkok 소 방콕 소 방콕 호텔 태국 태국 여행 태국 여행 thailand thai thailand 방콕 방콕여행 태국 방콕 방콕 호텔 방콕 호텔 추천 호캉스 여행 여행 스타 그램 travel 여행 in bangkok sobangkok thailand thai thailand travel in bangkok,"방콕, 태국","['#sobangkok', '#소방콕', '#소방콕호텔', '#태국', '#태국여행', '#태국여행', '#thailand', '#thai', '#thailand', '#방콕', '#방콕여행', '#태국방콕', '#방콕호텔', '#방콕호텔추천', '#운자여행']"
광고 What a breathtaking viewThis hot spot is hotelindigobkk When you visit Bangkok you must check it out 인디고 방콕 호텔 수영장 맛집 임 곳 제 인생 샷 가요 podo travel marketing BestPhotoShoot Bangkok Bangkokhotel Bangkoktrip indigohotel indigohotelbangkok rooftop bangkokrooftop rooftopswimmingpool ihghotels Worldtravel boutiquehotel Vacance 방콕 방콕여행 방콕 호텔 인디고 호텔 What a breathtaking viewThis hot spot is hotelindigobkk When you visit Bangkok you must check it out podo travel marketing BestPhotoShoot Bangkok Bangkokhotel Bangkoktrip indigohotel indigohotelbangkok rooftop bangkokrooftop rooftopswimmingpool ihghotels Worldtravel boutiquehotel Vacance,Hotel Indigo Bangkok Wireless Road,"['#Bangkok', '#Bangkokhotel', '#Bangkoktrip', '#indigohotelbangkok', '#bangkokrooftop', '#방콕', '#방콕여행', '#방콕호텔', '#인디고호텔']"
중국 친구 bangkok 방콕 태국 thailand 방콕여행 bangkok thailand,,"['#bangkok', '#방콕', '#태국', '#thailand', '#방콕여행']"
just a sip of wine can make me absolutely drunken th May Over The Moon sky lounge Pattaya 선셋 보기 탁 루프 탑 오션 뷰 바 일몰 시간 전 방문 실시간 선셋 구경 분위기 추천 Ana Anan 리조트 홈페이지 메일 사전 예약 가능 자리 등급 가격 창가 쪽 더 해당 금액 음식 음료 주문 가능 자리 앞 신발 맨발 함 just a sip of wine can make me absolutely drunken th May Over The Moon sky lounge Pattaya Ana Anan,Over the Moon Sky Lounge,[]
방콕 야경,"Moon Bar -Banyan Tree Hotel, Bangkok",[]
역띠 혠 비 열정 포토,Eastin Grand Hotel Phayathai,[]
방콕 시티 뷰 원 탑 호텔 추천 누군가 루프 탑풀 or 시티 뷰 방콕 숙소 추천 가장 먼저 리스트 Pillars Suites Residences 방콕 부촌 동네 스쿰빗 위치 성 급 호텔 객실 스위트 타입 레지런스 타입 가지 중 스위트 수 혜택 스위트 투숙 객 전용 루프 탑 수영장 이용 라운지 조식 데이 커피 티 이용 라운지 or 루프 탑 바 선 다우너 알콜 무제한 이용 체크아웃 후 층 수영장 샤워 시설 이용 가능 밤 방콕 호텔 수영장 대부분 면 여기 루프 탑풀 밤 밤 수영 가능 게다가 총 개 객실 스위트 전용 누구 적 프라이 빗 풀 마냥 저희 끼리 이용 수 더 외 생일 기념 데코 레이 션 간식 자기 전 필 로우 미스트 세 팅 해주시 턴 다운 서비스 시간대 준비 자쿠 버블 서비스 엠콰 티어 쇼핑몰 운행 예 약제 셔틀 서비스 방콕 호텔 모든 순간 필 라스 스위트 레지던스 선택 제 객실 AYUTTHAYA SUITE 필 라스 스 위트 pillarssuitesandresidences 방콕 숙소 태국 여행 인피니티 풀 태국 곳 bangkoktravel or Pillars Suites Residences or AYUTTHAYA SUITE pillarssuitesandresidences bangkoktravel,137 Pillars Suites & Residences Bangkok,"['#방콕숙소', '#태국여행', '#태국가볼만한곳', '#bangkoktravel']"
태국 수영장 입성 방콕 핫 방콕여행 태국 여행 방콕 숙소 bangkok 운동 여자 비키니 추천 bangkok,방콕,"['#방콕핫플', '#방콕여행', '#태국여행', '#방콕숙소', '#bangkok']"
박 일정 동안 날씨 태닝 수영 원 또 방콕 오 기전 기계 태닝 moodtan 오니 색 moodtan,Avani+ Riverside Bangkok Hotel,[]
밤 수영 맥주 쿨쿨 자고,방콕,[]
왜 카펠라 카펠라,Capella Bangkok,[]
일 해도 꼬 행보 카 여름 살 꿈 여름 해방촌 오난 bkkbangkok 방콕 방콕여행 travelsummervibes bkkbangkok travelsummervibes,방콕,"['#여름찾아나니', '#해방촌오난희', '#bangkok', '#방콕', '#방콕여행']"
은 갈치 빤스 팬클럽 회원 간곡 요청,방콕,[]
더 방콕 A to Z 여행 법 리얼 방콕 전 세계 가장 여행 방법 real guide A to Z real guide,방콕,[]
최근 가장 핫 태국 방콕 루프 탑 바 티 tichucabkk 를 소개 일명 아바타 나무 해파리 루프 탑 곳 정글 영감 나무 조형 물이 특징 요 층 위치 방콕 시내 모습 눈 담 수 야경 배경 인생 사진 조명 아래 술 디제잉 춤 요 관광객 현지 모두 인기 방콕 대표 핫 레이스 사전 예약 후 방문 것 추천 티 루프 탑 바 tichucabkk 매일 금 토 마감 T one Soi Sukhumvit Phra Khanong Khlong Toei Bangkok 태국 예약 일 목요일 사이 테이블 석 가능 방콕 루프 탑바 티츄카 방콕 맛집 방콕 카페 방콕 핫 tichucabkk tichucabkk T one Soi Sukhumvit Phra Khanong Khlong Toei Bangkok,방콕,"['#방콕여행', '#방콕루프탑바', '#방콕맛집', '#방콕카페', '#방콕핫플']"
방콕여행,"Bangkok, Thailand",['#방콕여행']
방콕 오아시스 부터 애플 아이폰 디자인 대한 불만 시작 때 혁신 브랜드 답 우리 그 때문 줄 이어폰 세상 해방 삶 누리 손 모든 인터넷 이용 동시 노래 수 세상 살 순간 디자인 혁신 보이지 휴대전화 애플스토어 애플스토어 그 기점 이후 도 이미지 비교 최근 애플 고집 추구 유리 통 외관 전 세계 대형 도시 비교 로컬 감상 디자인 매장 애플 고수 공간 스탠더드 돌 바닥 바로 시작 유리 기둥 건물 상상 대로 정말 것 초현 실적 장면 곳 방콕 애플 센트럴월드 진득 경험 수 공간 방콕 도심 사거리 위치 자본 집약 상업 단지 위치 유동 인구 외국인 매우 거리 애플 스토어 커피 접근 미끼 사람 형태 주변 나무 누구 구경 에어컨 바람 핀잔 곳 이 지역 낮 내 친구 단비 공간 비처럼 땀 혹시 이온 음료 손 쥐 우리 애플스토어 비용 도시 오아시스 공간 주변 건물 사뭇 질적 정말 헛것 것 정도 이미지 그 건물 중심부 정렬 외부 바닥 포장 패턴 압도 장면 우리 수 역시 애플스토어 우리 노먼 포스터 작품 곳 지역 건축사 사무소 애플 디자인 팀 곳 만큼 그 디테 일과 퀄리티 방콕 건물 유리 분절 위치 바닥 마감 재 위치 내부 바닥 마감 부분 등 모든 것 일렬 시각 그 환상 공간 형태 음미 수 어쩌면 공간 레스토랑 곳 음식 데 허용 값 다이닝 레스토랑 일 것 곳 도심 속 무료 것 도시 방콕 더욱 오아시스 이자 신기루 수 곳 방콕 오아시스 애플 센트럴월드 이 위치 애플 센트럴 월드 Pathum Wan 영업 시간 applestore normanfoster architecturaldesign archidaiy archigram archilovers bangkoktrip 방콕 곳 방콕여행 추천 방콕여행 Pathum Wan applestore normanfoster architecturaldesign archidaiy archigram archilovers bangkoktrip,Apple Store Central World,"['#bangkoktrip', '#방콕가볼만한곳', '#방콕여행추천', '#방콕여행']"
BOOKING ONLY via line in bio please private space for nail lash lover service all free snacks and bars mixmatch rd LINE cappy link in bio gelnail manicure nailart nailartist naillover naildecorate naildesign nailsalon japanesenailart 네일아트 방콕 네일 태국 네일 방콕 네일아트 방콕 네일 방콕 네일아트 네일 네일아트 방콕 네일 추천 방콕여행 BOOKING ONLY via line in bio please private space for nail lash lover service all free snacks and bars mixmatch rd LINE cappy link in bio gelnail manicure nailart nailartist naillover naildecorate naildesign nailsalon japanesenailart,Cappy ekkamai26,"['#방콕네일', '#태국네일', '#방콕네일아트', '#방콕네일샵', '#방콕네일아트샵', '#에까마이네일샵', '#에까마이네일아트', '#방콕네일샵추천', '#방콕여행']"
방콕여행,Villa Deva Resort & Hotel Bangkok,['#방콕여행']
비키니 별로 온 사람 네 저,Grande Centre Point Terminal 21,[]
왕궁 투어 때 전통의상 이귀 투샷 우모 태국,왓아룬,[]
요트 푸켓 달 방콕 쭘당킴 방콕,Kimpton Maa-Lai Bangkok,['#킴튼말라이방콕']
,Chatrium Grand Bangkok,[]
통 돼지 바베큐 원산지 태국,Avani+ Riverside Bangkok Hotel,[]
휴가 마려워 사진,Anantara Riverside Bangkok Resort,[]
방콕 꼭 페닌슐 마지막 여름 꽉 마무리 방콕여행 페닌슐 방콕 bangkok peninsulabangkok bangkok peninsulabangkok,The Peninsula Bangkok,"['#방콕여행', '#페닌슐라방콕', '#bangkok', '#peninsulabangkok']"
토끼 so cute so cute,BKK Thailand,[]
저장 방콕 가면 꼭 신상 카페 Pr f Caf Bar 방콕 마지막 날 카페 일찍 가게 음료 디저트 메뉴 자리 수영장 야외 자리 브런치 또 곳 가격 현지 카페 생각 편이 강추 Pr f Caf Bar,Préf Café & Bar,[]
,,[]
한가위 사진 전혀 관련 움 방콕 방콕여행 방콕 맛집 호캉스 만다린 만다린 오리 탈 만다린 오리 탈 방콕 호텔 수영장 수영장 수영복 태국 태국 여행 방콕 호텔 호텔 비키니 추석 한가위 bkk thailand bikini lfl bangkok swimming mandarinoriental bkk thailand bikini lfl bangkok swimming mandarinoriental,"Mandarin Oriental, Bangkok","['#방콕', '#방콕여행', '#방콕맛집', '#만다린오리엔탈', '#만다린오리엔탈방콕', '#호텔수영장', '#수영장', '#태국', '#태국여행', '#방콕호텔', '#호텔', '#thailand', '#bangkok']"
간 두번째 태국 여행 날씨 음식 친구 사람 장소 모두 가격 과일 사람 친구 시간 금방 지나 다음 어디 여행 얼 스타 그램 셀카 셀 스타 그램 팔로우 소통 공감 selfie selca follow followme 셀피 셀피 그램 likexlike oodt 헬스 헬 스타 그램 헬스장 운동 운동 맞팔 운동 남 해외여행 태국 태국 여행 방콕 방콕여행 travel travelgram travelling traveler bkk selfie selca follow followme likexlike oodt travel travelgram travelling traveler bkk,태국,"['#태국', '#태국여행', '#방콕', '#방콕여행']"
방콕 인생 김 댕,Bang Kok Thailand,[]
수영 끝,방콕,[]
방콕 탐앤탐스 방콕여행 태국 여행 헬린,,"['#방콕여행', '#태국여행']"
아침 하루 휴양지 추천 원피스 살랑 거리 더 수 름 방콕여행,"Mandarin Oriental, Bangkok",['#방콕여행']
젤 순간 하나 노을 야경 보라 예약 시간 준,Above Riva Rooftop Bar & Restaurant,[]
bkkbangkok 방콕여행 태국 여행 태국 하얏트 하얏트 호텔 여행 스타 그램 비키니 bikini bkkbangkok bikini,Hyatt Regency Bangkok Sukhumvit,"['#bangkok', '#방콕여행', '#태국여행', '#태국하얏트', '#하얏트호텔']"
방콕 사진 하나 하나,Avani+ Riverside Bangkok Hotel,[]
일상 여행 오유 패밀리 파크 하얏트 방콕 추억 저장 다시 지금 요즘 아인 벌써 돌이 우리 시간 정말 누구 수 경험 오늘 하루 더 아인 말 면 꼭 지배 속 때 엄마 아빠 여행 조금 더 유럽 도전 아들 올림픽 정말 파리 마려운 요즘 오유 패밀리 여행 파크 하얏트 방콕 방콕여행 가족 여행,Park Hyatt Bangkok,"['#여행에미치다', '#파크하얏트방콕', '#방콕여행']"
방콕여행 이틀 차 수영장 모음 zip zip,Grande Centre Point Terminal 21,['#방콕여행']
밤 더 촘아룬,Chom Arun,[]
BLUE N GREEN EVERYWHERE 방콕 방콕여행 bangkok BLUE N GREEN EVERYWHERE bangkok,,"['#방콕', '#방콕여행', '#bangkok']"
방콕 쵝오 순간,Bangkok Marriott Hotel The Surawongse,[]
방콕 제일 트렌디 신상 호텔 목시 방콕 랏차프 라송 태국 양식 퓨전 레스토랑 음식 조식 어디 가기 위치 구 웃 박 이상 연 박 시 Marriott Bonvoy 보너스 포인트 적립 프로모션 진행 중이 확인 Thank you for having meAtTheMoxy MoxyBangkok MoxyHotels Marriott Bonvoy Thank you for having meAtTheMoxy MoxyBangkok MoxyHotels,방콕,['#MoxyBangkok']
태국 물개 태국 사랑,방콕,[]
방콕 더 비도 타이밍 수영 오만상,Shangri-La Bangkok,[]
,The Salil Hotel Riverside - Bangkok,[]
스테이 가성 비 방콕 호텔 유사 톤 방콕 여행 연 박 이틀 묵 고온 곳 시설 조식 서비스 모두 곳 날씨 숙소 동안 행복 숙소 고양이 이틀 동안 스테이 첫날 마지막 날 가면 최소 전 호텔 이메일 유 사 톤 방콕 U SATHORN BANGKOK 체크 체크아웃 수영장 오전 오후 조식 셔틀 O 휘트니 스 O 스테이 이메일 문의 reserveusathornbangkokcom 여행 정보 wavy trip 팔로우 정보 wavy trip wavy trip 웨이 비 태국 웨이 비 방콕 U SATHORN BANGKOK O O reserveusathornbangkokcom wavy trip wavy trip wavy trip,"방콕, 태국",[]
남카,방콕,[]
술 안마 신지 일주일 맥주,경기도 수원,[]
가격 분위기 최고다,방콕,[]
호캉스 This is my best day offbangkokpilates pilatesinstructor 필라테스 강사 해외 취업 방콕 라이프 방콕여행 방콕 호텔 This is my best day offbangkokpilates pilatesinstructor,Kimpton Maa-Lai Bangkok,"['#bangkokpilates', '#방콕라이프', '#방콕여행', '#방콕호텔']"
팟타이 조,SO/ Bangkok,[]
방콕 사랑 훼 울 서우 사랑 훼,방콕,[]
여름 여름 방콕 방콕여행 방콕 호텔 bkk 여행 일기 여행사진 여행 여행 thailand 수영장 호텔 수영장 일상 힐링 bkk thailand,방콕,"['#방콕', '#방콕여행', '#방콕호텔', '#여행일기', '#여행에미치다', '#thailand', '#수영장', '#호텔수영장']"
사진 울창 정원 속 자리 레스토랑 카페 naturabkk 오프 강 근처 숙소 신분 이내 수 곳 왕 추천 스팟 선풍기 구비 분위기 속 한숨 장소 면적 편이 사진 찍기 바로 앞 운하 보트 재미 곳 랄 추가 영상 릴스 참고 이동 랩 볼트 이용 추천 혜현 방콕 hminin 방콕 자유여행 방콕 카페 방콕여행 태국 방콕 방콕 맛집 방콕여행 naturabkk hminin,방콕,"['#혜현', '#방콕자유여행', '#방콕카페', '#방콕여행', '#태국방콕', '#방콕맛집', '#방콕여행중']"
사진 리라 아이콘 시암 방콕여행,Icon Siam & River City Bangkok,[]
방콕 만난 천국 도심 속 자연 친 적 숙소 수영장 뷰 미리 메일 제일 끝 방 준 조식 처음 체크 체크아웃 시스템 오후 체크 다음 날 오후 체크아웃 가능 숙소 매일 의미 나중 또 간다 마지막 날 공항 가기 전 것 성 급 원대 가성 비 최고 숙소 유 사 톤 방콕 Thung Maha Mek Sathon Bangkok 태국 숙소 날짜 가격 차이 수 현재 성 수기 원대 숙소 정보 다른 성 급 호텔 비교 볼 요전 세계 감성 여행지 사람 yuni journey 팔로우 더 방콕 파타야 정보 수 태국 태국 여행 태국 맛집 태국 숙소 태국 호텔 방콕 방콕여행 방콕 카페 방콕 호텔 방콕 숙소 Thung Maha Mek Sathon Bangkok yuni journey,방콕,"['#태국', '#태국여행', '#태국맛집', '#태국숙소', '#태국호텔', '#방콕', '#방콕여행', '#방콕카페', '#방콕호텔', '#방콕숙소']"
언니 나 컬러 시간 구경 샵,치앙마이,[]
이제 본격 여름,,[]
,Ari,[]
정보 공유 국제 학교 썸머캠프 준비 때 내용 저장 공유 디엠 눈 띠용 일단 아이 학교 정보 주말 정리 고해 혹시 핫 세 맘 소개 혜택 신랑 사업 차 면서 바로 국제 학교 내용 먼저 저 영국 캠브리지 런던 웨일즈 어린시절 영국 학교 국제 학교 대한 환상 다만 영어 환경 노력 편이 기관 때 학교 대한 기준 편이 가장 먼저 아이 준비 확인 낮 수영 밤 모닥불 영어 캠프 생각 현실 아이 낯선 환경 의사 제 차 여러 번 확인 번 이상은 확인 듯 그냥 엄마 분리 한국말 안통 영어 환경 선생님 수업 친구 영어 의사소통 환경 학교 생활 수 여러 번 확인 핫 그때 수 대답 기 특 여기 저 영어 기본 의사 표현 수 여러 번 질문 통과 아이 학교 범위 제일 핫세 갈수 나이 체크 대부분 국제 학교 영어 캠프 만 세 시작 생인 핫 막 나이 때 그 나라 학교 커리큘럼 인지 원어민 선생님 국적 경력 영어 로만 수업 학교 식단 유기농 숙소 학교 거리 예산 정 학교 상주 간호사 선생님 병원 거리 선생님 이름 병원 주소 검색 저장 필수 전문가 도움 지역 전문 유학 디렉터 통해 정보 검색 상담 정도 한국말 소통 수 분 계시 오늘 시간 정도 정보 공유 아래 저 생각 대답 고민 summerschool internationschool englishonlyThailand education summerschool internationschool englishonlyThailand education,,['#Thailand']
셍율 부부 방콕 수심 m 수영장 아난타 리버사이드 너 아주 내 맘 쏙 너 프리다이빙 원데이 클래스 막상 m 수심 언제 며 용기 내 다이빙 완죤 기분 봉띠 모자 셍 물 법도 퀄 이징 손 안대 법도 잠영 법도 마스터 젠 건 프리다이빙 자격증 뿐 이 마음 뭘 욧 잠 어웁쏭 방콕 방콕여행 여행 해외여행 럽 스타 럽 스타 그램 신혼 신혼부부 커플 셀카 셀 스타 그램 일상 데 일리 소통 인스타 인스타그램 팔로우 유부 남 m m,Anantara Riverside Bangkok Resort,"['#방콕', '#방콕여행', '#데일리', '#유부남']"
방콕여행 방콕 핫,"방콕, 태국","['#방콕여행', '#방콕핫플']"
방콕여행 수영장,,['#방콕여행']
빌라 데바 리조트 앤 호텔 방콕 조 식이 매우 마음 듬 방콕 분 꼭,Villa Deva Resort & Hotel Bangkok,[]
방콕 사진 최최 최종 jpg 장 꽉 jpg,방콕,[]
유사 톤 천국,방콕 유사톤,[]
방콕 시장 산 스커트 맘,Railay Beach - Thailand,[]
우리 가족 방콕 첫 숙소 최근 호텔 아속 역 근처 박 동안 여기저기 곳 아들 이 일 정속 수영 아이 초딩 방 개 잡고 커넥팅룸 요청 생일 결혼기념일 말 케이크 손편지 주시 날 곳 박 일정 후아힌 에드 디어 첫 피드 우리 가족 첫 방콕 방콕 태국 여행 방콕여행 태국 방콕 호텔 nysahotelbangkok 가족 여행 아속 역 호텔 영 이 니 방콕 태국 호텔 nysahotelbangkok,Nysa Hotel Bangkok,"['#방콕', '#태국여행', '#방콕여행', '#태국', '#방콕호텔', '#nysahotelbangkok', '#아속역호텔', '#영이니네', '#태국호텔']"
뷰 캠핀 스키 방콕,Sindhorn Kempinski Hotel Bangkok,['#캠핀스키방콕']
야경,Akara Sky Hanuman Bangkok,[]
bubble in the forest 방콕 중심지 조금 곳 위치 여행 계획 짤때 무조건 생각 곳 라인 예약 예약금 바트 후기 워 예약 이용 사람 엄마 여행 인지 고민 바로 예약 무조건 예약 는걸 왕 추천 음식 종류 음료 종류 여행가 기전 한국 메뉴 정 일행 날 모름 후기 푸팟퐁 커리 팟타이 제일 용저 새우 튀김 팟타이 저 음료 존맛 엄마 칭찬 방콕 여행 계획 이신 요기 꼭 추천 합 방콕여행 방콕 카페 버블 더 포레스트 bubble in the forest,Bubble in the forest,"['#방콕여행', '#방콕카페']"
환뚱 태국 첫날 첫날 계획 도 호텔 근처 로컬 시장 방 네거리 시장 구글 평점 인 고 기 내 장국 수집 동남아 음식 못 나 시댁 식구 모두 오빠 구경근 데 오빠 입 국수 세 개 추가 거 진짜 한번 더 못 한국 망고스틴 대여섯 거 만원 kg 개 한국 돈 정도 손 염색 먹음 세븐일레븐 진짜 어디 갠 토스트 연유 브레드 강 과자 한국 마트 편의점 태국 카카오 알리페 필수 요건 다시 정리 봄 쿨 생리대 꼭 소 피 쿨 프래 쉬 홍 삼일 출국 거 진짜 물건 자체 한국 태국 물가 환상 저녁 카 파카 무 국새 럼 태국 맵 부심 부리 태국 고추가 슨 알 볶음밥 류 밥 아이 프라이드 라이스 류 무조건 호텔 수영장 수영 후 시댁 찬스 오빠 로컬 식당 그냥 쏨땀 날 이후 날 먹음 사진 오빠 손 그거 휴지 뭐 스티 키라 이스 여 기선 손 그 식당 누구 손 안드심 우야든둥 첫날 만족 방콕 우기 끝물 가면 덜 태국 여행 방콕여행 방 시장 태국 로컬 식당 kg,,"['#환뚱태국첫날', '#태국여행', '#방콕여행', '#방나시장', '#태국로컬식당']"
내 인생 제일 숙소 프라이 빗함 처음 알 나 매일 일 시계 하루 번 더 확인 내 하루 종일 시간 채 마지막 물개 nini nini,Sea Of Love Pattaya,[]
yuahnme 한국인 반 쉐라톤 방콕 엄마 딸 물놀이 bkk swimmingpool 태국 여행 모녀 여행 방콕 호텔 방콕여행 여행 스타 그램 비키니 모노키니 수영복 추천 몸매 다이어트 소통 다이어트 그램 bikinigirl bikinis yuahnme bkk swimmingpool bikinigirl bikinis,,"['#태국여행', '#방콕호텔', '#방콕여행']"
현 시점 방콕 가장 핫 호텔 로비 인피니티 풀 루프 탑 바 호텔 모든 공간 핫 자체 킴튼 방콕 방콕 MZ 사이 층 카페 크래프트 초록 뷰 움 무장 수영장 헬스장 확 통창뷰 세상 면적 덕분 객실 퀄리티 조 식당 하이 루프 탑바 기본 매니 티 외 기호 물품 제공 디저트 슬립 온 제공 턴 다운 서비스 객실 TV 로 직접 신청 수 헬스 프로그램 정말 세상 컬러풀 객실 가운 최고 트렌디 함 움 모두 숙소 곳 공간 것 Kimpton MaaLai Bangkok 사진 속 객실 MaaLai Suite Green Lung View 방콕 호텔 방콕 곳 태국 여행 동남아 방콕 숙소 MZ TV Kimpton MaaLai Bangkok MaaLai Suite Green Lung View,Kimpton Maa-Lai Bangkok,"['#방콕호텔', '#방콕가볼만한곳', '#태국여행', '#동남아', '#방콕숙소']"
bkkcafebkkcafehoppingbangkokcafebangkokcafehoppingkbblife 방콕여행 방콕 카페 카페 여름 코디 데일 리코 디 bkkcafebkkcafehoppingbangkokcafebangkokcafehoppingkbblife,IM En Ville อิ่มในเมือง,"['#bangkokcafe', '#bangkokcafehopping', '#방콕여행', '#방콕카페']"
서머셋 정원 민경 나무 무럭무럭 Happy peach tree with memewchalita doubletisoppo thankyousomersetrama 광고 초대 서머셋 서머셋 방콕 방콕 방콕여행 파타야 pattaya bangkok bangkokthailand thailand trendy Happy peach tree with memewchalita doubletisoppo thankyousomersetrama pattaya bangkok bangkokthailand thailand trendy,Bang Kok Thailand,"['#서머셋방콕', '#방콕', '#방콕여행', '#bangkok', '#bangkokthailand', '#thailand']"
방콕 이색 투어 낭만 도시 사 톤 골목길 투어 리뷰 진심 감사 고객 태국 방문 때 여행 항상 노력 타일랜드 투어 대한 내용 네이버 타일랜드 검색 인스타 상단 링크 클릭 확인 gofreeth 팔로우 각종 태국 투어 및 여행 정보 언제 여행 관련 문의사항 디엠 주시 답변 방콕여행 방콕여행 방콕여행 추천 방콕여행 방콕여행 방콕여행 준비 방콕여행 코스 gofreeth,서울,"['#방콕여행', '#방콕여행중', '#방콕여행추천', '#방콕여행', '#방콕여행', '#방콕여행준비', '#방콕여행코스']"
타투 스티커 붙이 방콕 과일 호 소녀,방콕,[]
벌써 박 끝 오늘 가장 기대 가장 호텔 이사 날 방콕 가장 게 이번 예약 숙소 세 개 중 가장 언니 꼬시느 둘 프로 혼행 우리 둘 반 반 반값 계속 꼬심 오늘 매니 기 분조 BKK 방콕여행 비키니 수영 BKK,Eastin Grand Hotel Phayathai,['#방콕여행']
,방콕,[]
나라 날씨,The Salil Hotel Riverside - Bangkok,[]
한국인 명도 못 파타야 숙소 인피니티 풀 하나 보고 전부 마음 곳 이 숙소 때문 방콕여행 가면 박 파타야 인피니티 풀 노을 사진 보고 무조건 숙소 결과 태국 여행 중 가장 일몰 볼 수 전부 무보정 사진 애프터눈티 무제한 아이스크림 조식 버기카 주변 레스토랑 편의점 픽드랍 무료 여기 무조건 저장 가기 파타야 꼭 가야 사람 별로 섬 소개 숙소 곧 릴스 소개 사람 여행지 사람 yuni journey 팔로우 실시간 스토리 더 정보 수 태국 여행 태국 태국 숙소 파타야 파타야 여행 파타야 호텔 파타야 숙소 thailand thailand yuni journey thailand thailand,"Pattaya, Thailand","['#태국여행', '#태국', '#태국숙소', '#파타야여행', '#파타야호텔', '#thailand', '#thailand']"
수영 기세,방콕,[]
방콕여행 필수 코스 왓아룬 뷰 루프 탑바 전격 비교 전 방콕여행 처음 때 약 개월 전 예약 촘아룬 이번 예약 워 방문 이글 네스트 바 전격 비교 둘 중 어디 다른 추천 곳도 가요 촘아룬 chomarun 가장 예약 곳 한국인 가장 곳 최소 주문 금액 가성 비 왓아룬 뷰 수 생각 왓아룬 멀리 것 예약 방법 페이스북 DM 매월 달 후 예약 ex 예약 오픈 여행 일 정이 확정 예약 함 노을 시간 베스트 좌석 티켓팅 급 난이도 추천 메뉴 치킨윙 바트 허니 콤보 뺨 맛 자리 추천 번왓아룬 가장 움 사진 속 좌석 것 못 실내 특징 생각 왓아룬 거리 보임 식당 우측 왓아룬 위치 함 이글 네스트 바 eaglenestbar 몇 안 예약 안 루프 탑 바이 P 강추 왓아룬 정면 볼 수 음식 팔지 최소 주문 금액 칵테일 바 예약 방법 예약 추천 메뉴 맥주 약 바트 촘아룬 자리 추천 야외 앞 좌석 위 노을 시간 최소 전 약 특징 왓아룬 정면 볼 수 예약 야외 석 어려움 야외 석 테이블 간격 사진 사람 더 여행 정보 jjjoah 팔로우 태국 태국 여행 방콕 방콕여행 방콕여행 추천 방콕 곳 방콕 맛집 방콕 뷰 맛집 왓아룬 왓아룬 야경 왓아룬 노을 방콕여행 코스 chomarun DM ex eaglenestbar P jjjoah,왓 아룬,"['#태국', '#태국여행', '#방콕', '#방콕여행', '#방콕여행추천', '#방콕가볼만한곳', '#방콕맛집', '#방콕뷰맛집', '#왓아룬', '#왓아룬야경', '#왓아룬노을', '#방콕여행코스']"
경복궁 한복 안,왓 아룬,[]
첫 방콕여행 방콕 방콕여행 방콕 호텔 bangkok bangkok bangkok bangkok,Chatrium Hotel & Residence Riverside Bangkok,"['#방콕', '#방콕여행', '#방콕호텔', '#bangkok', '#bangkok']"
사진 꺼내보깅 이 비키니 눈 엽 하나 분 댓글 디엠 욘,,[]
핫 뺑콕,Mövenpick BDMS Wellness Resort Bangkok,[]
여름 끝 자락,The Peninsula Hotels,[]
태국 홀릭 방콕 커피숍 추천 Shaloba x Scene Erawan st floor Erawan PlazaIt takes minutes walk from Chit Lom BTS Station 방콕여행 방콕 카페 태국 여행 방콕 핫 bangkokcafe iconsiam 아이콘 암 Shaloba x Scene Erawan st floor Erawan PlazaIt takes minutes walk from Chit Lom BTS Station bangkokcafe iconsiam,ICONSIAM,"['#방콕여행', '#방콕카페', '#태국여행', '#방콕핫플', '#bangkokcafe']"
팟타이,Avani+ Riverside Bangkok Hotel,[]
사진 뭐 이제 인생 샷 내 여친 꽃잎 비키니 계절 내내 진행 S 바로 당일 배송 모델 s 착용 koreafashion 휴양지 원피스 베트남 여행 필리핀 여행 방콕여행 해외 비키니 비키니 모델 비키니 쇼핑몰 니 여행 낙판 비치 vikinis S s koreafashion vikinis,,"['#koreafashion', '#휴양지원피스', '#베트남여행', '#필리핀여행', '#방콕여행']"
카 오산 맥도날드 진짜 카오산로드 슈퍼 E 곳 것 초반 도파민 기 빨림 이슈 줄 행랑 람부 로드 더 방콕여행 방콕 람부 로드 카오산로드 E,Khao San Road,"['#방콕여행', '#방콕', '#카오산로드']"
둥,,[]
Sweet Pattaya Thailand Sweet Pattaya Thailand,"Pattaya, Thailand",['#Thailand']
운 방콕 씨티 일상 반 맞팔 휴양지 동남아 휴양지 여행 오운완 ootd 선팔 방콕 호텔 태국 호텔 방콕 호텔 추천 태국 호텔 추천 방콕 성 호텔 신돈 미드타운 방콕 티디 운동 여자 운동 남자 방콕여행 태국 태국 여행 비키니 추천 비키니 방콕 현지 맛집 수영복 추천 ootd,,"['#좋반', '#휴양지룩', '#동남아', '#휴양지', '#방콕호텔', '#태국호텔', '#방콕호텔추천', '#태국호텔추천', '#방콕5성호텔', '#신돈미드타운', '#방콕', '#방콕여행', '#태국', '#태국여행', '#방콕현지맛집']"
테마 파크 포토 스팟 천국 th May House of Benedict Pattaya th May House of Benedict Pattaya,House Of Benedict,[]
버스 레스토랑 버스 토 투어 리뷰 진심 감사 고객 태국 방문 때 여행 항상 노력 타일랜드 투어 대한 내용 네이버 타일랜드 검색 인스타 상단 링크 클릭 확인 gofreeth 팔로우 각종 태국 투어 및 여행 정보 언제 여행 관련 문의사항 디엠 주시 답변 버스 토 태국 여행 방콕여행 방콕 맛집 방콕 호텔 방콕 gofreeth,,"['#태국여행', '#방콕여행', '#방콕맛집', '#방콕호텔', '#방콕에서']"
방콕 여행 국룰 코스 룸 노스이스트 룸 도마뱀 볼 수 물가 쪽 진짜 꽤 커서 살짝 욥 고양이 완전 이 코스 진짜 국룰 코스 게 룸피 사람 노스이스트 또 완전 한국 만남 광장 쯤 건물 층 웨이 팅 손님 도 안 거 한국인 입맛 태국 음식 후기 진짜 땡 모반 제일 팟타이 푸팟퐁 커리 팟카파오무쌉 추천 똠양꿍 좀 라임 즙 잔뜩 김치찌개 맛 저 안 고수 매니 매니 팍치 나찌 태국 나찌 방콕 태국 태국 여행 방콕 방콕여행 룸 공원 노스이스트,방콕,"['#나찌태국', '#나찌방콕', '#태국', '#태국여행', '#방콕', '#방콕여행']"
한국인 사랑 해외여행 방콕 여행가 비누 꿀 캐리어 가득 쟁여 방콕 쇼핑 리스트 완벽 정리 하나 저장 여행 때 확인 포키 망고 맛 포키 망고 맛 태국 한정판 간식 템 선물 용 쿤 초콜렛 망고 등 쿤 한국인 입맛 코코넛 초콜렛 동결 건조 두리안 두리안 동결 건조 영양소 그대로 냄새 거의 두리안 입문 용 먹기 타오 케노 과자 유튜브 바로 그 김 과자 김 바삭 짤 안주 도 제격 타이레놀 한국 굳이 생각 오산 타이레놀 알 도 안 가격 구매 수 텝 타이 치약 콩알 치약 콩알 사용 콩알 치약 불리 양으로 입안 가득 민트 향 카르 마카 멧 아로마테라피 전문 브랜드 태국 조말 론 향수 바디 로션 바디 워시 등 향 제품 판매 폰 비비 파우더 태국 날씨 유 메이크업 유지 제품 용량 가격 인기 템 방방곡곡 방콕 쇼핑 때 해외 호텔 예약 호텔 패스 호텔 패스 hotelpass 해외 호텔 예약 호텔 예약 호텔 예약 호텔 패스 hotelpass,,"['#방콕', '#방콕쇼핑리스트', '#동결건조두리안', '#타이레놀한국에도', '#폰즈비비파우더덥고', '#호텔패스', '#해외호텔예약']"
BOOKING ONLY via line in bio please private space for nail lash lover service all free snacks and bars mixmatch rd LINE cappy link in bio gelnail manicure nailart nailartist naillover naildecorate naildesign nailsalon japanesenailart 네일아트 방콕 네일 태국 네일 방콕 네일아트 방콕 네일 방콕 네일아트 네일 네일아트 방콕 네일 추천 방콕여행 BOOKING ONLY via line in bio please private space for nail lash lover service all free snacks and bars mixmatch rd LINE cappy link in bio gelnail manicure nailart nailartist naillover naildecorate naildesign nailsalon japanesenailart,Cappy ekkamai26,"['#방콕네일', '#태국네일', '#방콕네일아트', '#방콕네일샵', '#방콕네일아트샵', '#에까마이네일샵', '#에까마이네일아트', '#방콕네일샵추천', '#방콕여행']"
박 방콕 감성 숙소 jpg 여심 저격 파스텔 톤 마이애미 호스텔 실제 여기 화보 촬영 함 성비 Miami Hostel Soi Sukhumvit Khlong Toei Nuea Watthana Bangkok 태국 출처 jeonso 마이애미 호스텔 방콕 숙소 방콕여행 jpg Miami Hostel Soi Sukhumvit Khlong Toei Nuea Watthana Bangkok jeonso,Miami Hotel,"['#방콕숙소', '#방콕여행']"
웨이 트 장오 웨이 트 짝 자꾸 매트 아침 눈 바디,Chatrium Grand Bangkok,[]
Experience JOOMAK Traditional Korean Bar where our dishes paired perfectly with our drinks th floor EmWonder The Emsphere For reservations link in bio Call LINE DAKJIBDAKJIBDAKJIBBANGKOKBangkokDinningEMSPHERE EmWonder 방콕여행 닭집 Experience JOOMAK Traditional Korean Bar where our dishes paired perfectly with our drinks th floor EmWonder The Emsphere For reservations link in bio Call LINE DAKJIBDAKJIBDAKJIBBANGKOKBangkokDinningEMSPHERE EmWonder,Dakjib Bangkok,"['#DAKJIBBANGKOK', '#BangkokDinning', '#방콕여행']"
왓아룬 태국 공주 체험 새벽사원 왓 아룬 가면 바트 내외 전통의상 체험 인생 샷 수 체험 오전 or 오후 이후 추천 저희 이후 방문 컬러 쨍 원색 컬러 파스텔 컬러 사진 제 사진 곳 베스트 포토 스팟 장소 포즈 참고 인생 샷 왓 아룬 인 바트 물병 하나 포함 전통의상 제외 노출 옷 입장 금지 arunchai thai costume 인 바트 헤어 악세사리 포함 바트 공식 가격 명 이서 할인 주심 전통의상 체험 주의 사항 어깨 옷이므 오프 숄더 속옷 누 브라 준비 왓아룬 선착장 쪽 위치 가게 야외 가게 골목 쪽 위치 가게 에어컨 실내 수 태국 태국 여행 방콕 방콕여행 방콕 곳 왓아룬 새벽사원 태국 전통의상 타이 or arunchai thai costume,왓 아룬,"['#태국', '#태국여행', '#방콕', '#방콕여행', '#방콕가볼만한곳', '#왓아룬', '#태국전통의상']"
방콕여행 가장 식사 꼽 라면 안 대답 유팅 유안 한국 유유 안이 방콕 유팅 유안 포시즌스 방콕 중식 원래 패킹덕 서울 패킹덕 안 곳 정말 여태껏 패킹덕 최고 말 패킹 덕이 심지어 딤섬 원래 유팅 유안 딤섬 런치 코스 저희 여행객 또 언제 방문 욕심 패킹덕 예약 값 미슐랭 가치 생각 여행가 그 나라 미슐랭 꼭 경험 편 방콕 끼 생각 정말 강력 추천 한국 다이닝 런치였 경험 Charoen Krung Road Yan Nawa Sathon Bangkok 태국 디너 점심 딤섬 패킹덕 동시 공격 추천 bkk 방콕 방콕여행 방콕 맛집 유팅 유안 michelin Charoen Krung Road Yan Nawa Sathon Bangkok bkk michelin,Four Seasons Hotel Bangkok,"['#방콕', '#방콕여행', '#방콕맛집', '#유팅유안']"
박 꽉 방콕 여행 밤 비행기 타고 비몽 사 몽 유랑 일 현실 헤이지 지니 혜진 방콕 방콕여행,,"['#헤이지니', '#방콕', '#방콕여행']"
태국 정글 aftertheraincafe 방콕 카페 모든 공간 포토 존 자체 After the Rain 은 방콕 시티 약 정도 볼트 타고 이동해 움 방콕 시티 곳 울창 밀림 숲 온 듯 기분 수 해 사진 수 혼자 여행가 직원 부탁 팁 팁 사진 정말 하니 포즈 사진 진짜 비만 안 화보 사진 여기 보트 이동 수 개 물길 담당자 배치 쪽 부담 X 방갈로 선풍기 음료 식사 바트 이상 보트 무료 탑승 수 약 After the rain cafe Song Khanong Sam Phran District Nakhon Pathom 휴무 다음 방콕 여행 가시 여기 꼭 여행지 소개 su saaan dy 여행 사진 여행 기록 여기 태그 여행 제보 DM 이메일 여기 해외 여기 방콕 behappyhere 방콕여행 방콕 카페 방콕 카페 추천 방콕 핫 카페 bangkokcafe bangkokaftertherain Bangkok 도라지 아빠 방콕 여행 여행 여기 aftertheraincafe After the Rain X After the rain cafe Song Khanong Sam Phran District Nakhon Pathom su saaan dy DM behappyhere bangkokcafe bangkokaftertherain Bangkok,,"['#방콕', '#여기서행복할것', '#여기서행복할것', '#여기서행복할것', '#방콕여행', '#방콕카페', '#방콕카페추천', '#방콕핫한카페', '#bangkokcafe', '#bangkokaftertherain', '#Bangkok', '#도라지아빠', '#여행여기서행복할것']"
방콕 기절 뻔 여행사진 여행 태국 여행 방콕여행 수영장 호캉스 아이폰 프로,Carlton Hotel Bangkok Sukhumvit,"['#태국여행', '#방콕여행', '#수영장']"
날씨 니 내 맥주,Anantara Riverside Bangkok Resort,[]
울 아이 방콕 뭐 제일 수영장 물놀이 호텔 욕조 물놀이 방콕 왜갔늬 기억 가득 찬 여행 여행 다시 휴양 것 방콕여행 아이 방콕여행 아이 방콕여행 아이 해외여행 아이 여행 차트 리움 그랜드 방콕 chatriumgrandbkkchatriumgrandbangkok 방콕 호텔 방콕 호텔 추천 chatriumgrandbkkchatriumgrandbangkok,Chatrium Grand Bangkok,"['#방콕여행', '#아이랑방콕여행', '#아이와방콕여행', '#아이와해외여행', '#차트리움그랜드방콕', '#chatriumgrandbangkok', '#방콕호텔', '#방콕호텔추천']"
수영 필수 쉐라톤,"Sheraton Grande Sukhumvit, a Luxury Collection Hotel, Bangkok",[]
,방콕,[]
나 방콕 남친 랄랄루,카오산로드,[]
방콕 꿈,Four Seasons Hotel Bangkok,[]
직원 호텔 anantarariversideanantarariversidebangkok 아난타 리버사이드 방콕 태국 thailand 방콕 bangkok 태국 여행 thailandtravel 방콕여행 bangkoktrip 방콕 호텔 bangkokhotel 여름 휴가 summervacation ootd 티디 dailylook 데 일리 바디 프로필 bodyprofile 오운완 운동 남자 운동 회사원 운동 직장인 anantarariversideanantarariversidebangkok thailand bangkok thailandtravel bangkoktrip bangkokhotel summervacation ootd dailylook bodyprofile,Anantara Riverside Bangkok Resort,"['#anantarariversidebangkok', '#아난타라리버사이드방콕', '#태국', '#thailand', '#방콕', '#bangkok', '#태국여행', '#thailandtravel', '#방콕여행', '#bangkoktrip', '#방콕호텔', '#bangkokhotel']"
태국 여행 바다 바로 옆 위치 비치 클럽 대형 실내 베뉴 DJ MAG 의 세계 위 클럽 리스트 선정 태국 푸켓 방콕 클럽 덤 Caf Del Mar Phuket 카페 델 마르 푸켓 Kamala Kathu District Phuket THB 이벤트 별 레이스 별 입장료 상이 Illuzion Phuket 일루 전 푸켓 Bangla Rd Pa Tong Amphoe Kathu Phuket 무료 입장 음료 THB 테이블 THB Spaceplus bangkok 스페이스 플러스 방콕 RCA plaza Soi Phetchaburi Bangkok THB 테이블 THB 해외 클럽 태국 클럽 푸켓 클럽 비치 클럽 cafedelmar illuzionphuket spaceplusbangkok 방콕 클럽 태국 비치 클럽 태국 맛집 태국 술집 태국 태국 여행 방콕 푸켓 방콕여행 방콕 맛집 DJ MAG Caf Del Mar Phuket Kamala Kathu District Phuket THB Illuzion Phuket Bangla Rd Pa Tong Amphoe Kathu Phuket THB THB Spaceplus bangkok RCA plaza Soi Phetchaburi Bangkok THB THB cafedelmar illuzionphuket spaceplusbangkok,,"['#태국클럽', '#spaceplusbangkok', '#방콕클럽', '#태국비치클럽', '#태국맛집', '#태국술집', '#태국', '#태국여행', '#방콕', '#방콕여행', '#방콕맛집']"
키 차이 th May Ko Lan Pattaya th May Ko Lan Pattaya,Ko Lan,[]
인 방콕 작년 민지 성인 숙소 예약 빡 고살 리타 코신 스위트 예약 인원 수 그다음 무조건 투 베드룸 날로 일정 힝 방콕여행 살라 아유타야 투 베드룸 스 위트 하우스 오브 팔로마 houseofpaloma houseofpaloma,sala ayutthaya,"['#방콕여행', '#살라아유타야']"
방콕 식당 음식 양 셋 개 양 레 총알 오징어 without roe 강추 텅 스미스 보트 누 폴로 프라이드 치킨 옥수수 쏨땀 랩 먹음 롱 시 포차나 타이 모닝 글로리 조개 볶음 삼겹 튀김 팟타이 bkk 방콕여행 방콕 맛집 스타 그램 레 텅 스미스 폴로 프라이드 치킨 롱 시 포차나 without roe bkk,"Bangkok, Thailand","['#방콕여행', '#방콕맛집', '#롱시포차나']"
자이언트 해파리 해파리 춤 추기 바람 불어 내 머리카락 티츄카 해파리 찌 금손,방콕,[]
베드 최고,Eastin Grand Hotel Phayathai,[]
방콕여행 bkk 방콕 방콕 핫 bkk,MUIN Bangkok Club,"['#방콕여행', '#방콕', '#방콕핫플']"
총 체적 난국 왓아룬 우리 린 전통의상 방콕 엄마 아빠 걸 꼭 댜 슈왓아룬 방콕여행,왓 아룬,"['#왓아룬', '#방콕여행']"
왕궁 막 마음 내 혹시 전생 태국 공주 것 것 도 여행 브이 로그 업로드 Bangkok Vlog in my bio 방콕 방콕여행 태국 태국 여행 왓아룬 Bangkok Vlog in my bio,왓 아룬,"['#방콕', '#방콕여행', '#태국', '#태국여행', '#왓아룬']"
누가 방콕여행,"방콕, 태국",['#방콕여행']
마음 최근 다시 araksatearoom 예전 소개 치앙마이 매 땡 지역 Araksa tea garden 이 방콕 실롬 오픈 공간 치앙마이 생산 락사 티 블랜딩 스페셜 티 볼 수 식사 메뉴 디저트 판매 방콕 도심 공간 곳곳 치앙마이 스타일 장식 층 티 각종 굿 를 판매 공간 겸 선물 기념 용 구성 준비 첫 방문 티 간식 사쿠 카티 코코넛 밀크 사고 알갱이 것 정말 두 방문 카오팟팍 태국 볶음밥 채소 얌 마 무앙 망고 망고스틴 새 콤 양념 살짝 버 모든 메뉴 정말 사 판탁 신역 샹그릴라 쉐라톤 그랜드 센터 포인트 수라 웡 빈 스토크 호텔 모두 모두 위치 번잡 비건 옵션 식사 티 방콕 여행자 강력 추천 김 매 땡 티 가든 조만간 다시 방콕 방콕 맛집 실롬 실롬 맛집 방콕여행 방콕 카페 bangkok ssom bkk 카오팟 얌마 무앙 araksatearoom Araksa tea garden bangkok ssom bkk,Araksa Tea Room,"['#방콕', '#방콕맛집', '#실롬맛집', '#방콕여행', '#방콕카페', '#bangkok', '#얌마무앙']"
nice 날 방콕 태국 태국 여행 방콕여행 왓아룬 살라 타나 코신 nice,sala rattanakosin Bangkok,"['#방콕', '#태국', '#태국여행', '#방콕여행', '#왓아룬', '#살라라타나코신']"
방콕 따끈따끈 핫 레이스 방콕 특유 힙 감성 수 방콕 핫 레이스 방콕 해 호텔 패스 에브리바디 모두 HIP 해 왓빡남파씨짜런 m 달 거대 황금 불상 에메랄드 사리탑 비주 얼 압도 킹 파워 마하 컨 방콕 더 스탠다드 호텔 최상 층 위치 방콕 도시 풍경 눈 감상 수 전망대 드 페어 밋 야시장 입구 포토 존 성 방콕 현 지인 신상 야시장 핫 버블 더 포레스트 카페 휴양지 분위기 물 위 방갈로 휴식 수 신상 카페 딸랏노 방콕 성수동 불리 힙 로컬 카페 벽화 골목 빈티 감성 수 곳티츄카 최근 방콕 가장 핫 프레 이스 방콕 야경 볼 수 루프 탑 아이콘 시 암 최근 방콕 대형 쇼핑몰 실내 수상 시장 컨셉 쑥 시암 외 맛집 마트 카페 등 존재 힙 감성 방콕 여행 때 해외 호텔 예약 호텔 패스 호텔 패스 hotelpass 해외 호텔 예약 호텔 예약 호텔 예약 호텔 패스 HIP m hotelpass,,"['#왓빡남파씨짜런69m에', '#킹파워마하나컨방콕', '#조드페어댄네라밋야시장', '#버블인더포레스트카페휴양지', '#딸랏노이방콕의', '#호텔패스', '#해외호텔예약']"
선 후운 방콕 방콕여행 bangkok bodybuilding bangkok bodybuilding,방콕,"['#방콕', '#방콕여행', '#bangkok']"
엄마 세자매 저 딸 아들 남매 둘째딸 제 가제 일 키 커서 매번 첫째 오해 뭐 언니 쫌 동안 여 아줌마 미혼 수영복 티 가나 저희 여자 끼리 여행 벌써 세 달이 지난 사진 또 여자 일 연차 걱정 장소 걱정 상사 눈치 볼 걱정 어디 서든 일 수 또 여행 계획 진짜 온라인 프리랜서 핸드폰 하나로 여행 돈 완전 가능 올해 유니 첫 해외여행 세부 나트랑 괌갈 오키나와 고민 걱정 반 기 대반 랍 어디가 추천 방콕여행 가족 여행 다시 다이어트 온라인 프리랜서 어디 서든 맘 일해 신분 문의 마켓 창업 교육,,"['#방콕여행', '#온라인프리랜서', '#어디서든']"
방콕 만 곳 소개 역대 국왕 태국 왕국 방콕 가장 핫 루프 타 바 왓 아룬 한눈 레스토랑 미쉐린 선정 맛집 방콕 여행 계획 참고 이외 방콕 여행 시 꼭 곳 댓글 사진 내 각 표시,,[]
S U M M R 젤 맘 방콕 숙소 아난타 각도 수영장 다시 가면 연 박하 S U M M R,Anantara Riverside Bangkok Resort,[]
우정 여행 성공 행 티츄카 티츄카 루프 탑 방콕여행 방콕 맛집 방콕 핫 우정 여행 운동 여자 tichucarooftopbkk bangkoktravel bangkokfood girlsnight tichucarooftopbkk bangkoktravel bangkokfood girlsnight,Tichuca,"['#방콕여행', '#방콕맛집', '#방콕핫플', '#우정여행', '#bangkoktravel', '#bangkokfood']"
로보캅 태국 방콕 방콕여행,,"['#태국', '#방콕', '#방콕여행']"
수영장 사진 방콕여행 태국 여행,Shangri-La Bangkok,"['#방콕여행', '#태국여행']"
로비 감탄사 남발 신돈 캠핀 스키 방콕 수영장 스파 객실 컨디션 서비스 뭐 하나 별로 만족도 최최 최상 호텔 바로 편 핫 카페 음식점 마트 저녁때 바로 옆 킴 방콕 루프 탑바 바 야드 추천 타코 칼라 마리 뷰 맛집 방콕 호텔 방콕여행 sindhornkempinski kempinski sindhornkempinski kempinski,Sindhorn Kempinski Hotel Bangkok,"['#신돈캠핀스키방콕', '#킴튼말라이방콕', '#방콕호텔', '#방콕여행']"
우기 임 불구 햇빛 럭키,방콕,[]
Me time in BKK 공항 방콕 마법 다음 기약 Back to reality 다이어트 시급 metime 해피 추석 방콕여행 Me time in BKK Back to reality metime,"방콕, 태국",['#방콕여행']
태국 정글 aftertheraincafe 모든 공간 포토 존 자체 년전 방콕 여행 때 방콕 시내 좀 때 랩 땐 잡기 포기 이제 랩 우리 는담 넌 사두 억 수상 시장 매끌렁기 찻길 투어 후 여기 카페 일정 추가 곳 예약 택시 단독 투어 통해 좀 더 꼭 곳 사진 만족 만족 여기 점심 해결 제 메뉴 보트 이동 수 개 물길 담당자 배치 쪽 부담 X 방갈로 선풍기 After the rain cafe Song Khanong Sam Phran District Nakhon Pathom 휴무 방콕여행 방콕 카페 방콕 카페 추천 방콕 핫 카페 bangkokcafe bangkokaftertherain Bangkok 도라지 아빠 방콕 aftertheraincafe X After the rain cafe Song Khanong Sam Phran District Nakhon Pathom bangkokcafe bangkokaftertherain Bangkok,Bang Kok Thailand,"['#방콕여행', '#방콕카페', '#방콕카페추천', '#방콕핫한카페', '#bangkokcafe', '#bangkokaftertherain', '#Bangkok', '#도라지아빠']"
방콕 마사지 추천 리스트 이번 약 바트 가성 비 만점 로컬 마사지 샵 forest massageandspaonsen 포레스트 마사지 통로 메인 로드 샵 시설 굿 타이 마사지 발 마사지 추천 예약 필수 aspa bangkok 에이 스파 오픈 에이타 마사지 프로모션 발 마사지 바트 시설 비 가격 실력 대박 후기 생각 못 그냥 기절 로컬 마사지 후보 한인 스파 한국어 예약 가능 무조건 저장 khageethaimassage Khagee 마사지 더 리버사이드 바로 앞 로컬 샵 시설 아주 타이 마사지 행복 수 곳 통로 역 A 마사지 정말 로컬 마사지 집 투 만발 마사지 스킬 최고 통로 역 근처 발 마사지 반 하우스 마사지 baan house massage 유 사 톤 호텔 근처 로컬 마사지 거리 발견 곳 바트 대도 바트 타 이마 사 발 마사지 추천 누치 마사지 Nuch massage 프럼퐁역 엠 포리 움 스벅 출입구 쪽 바로 길 건너 돔 냄새 코 곳 예약 자주 로테이션 고압 쿠폰 장기 여행 라면 도장 타이거 마사지 통로 최강 로컬 마사지 곳 압 어깨 부시 때 가면 컬 현장 방문 인기 대기 때 dreamhousemassagespa 드림 하우스 마사지 컬 일 반 스파 가격 곳 일단 마사지 앞뒤 서비스 부모님 가능 시설 마사지 굿굿 예약 당일 전화 예약 thailanta massage 타 이란 타 마사지 카오산로드 마사지 이 곳 이번 수라 웡 오픈 시설 여기 한인 스파 카운터 사장 의사소통 압도 조절 가능 방콕 여행 차 이상 방문 ringobkk 모든 로컬 마사지 돈 산 후기 전부 직접 방문 곳 중 엄선 업로드 내용 블로그 방콕여행 방콕 스파 방콕 로컬 마사지 방콕여행 forest massageandspaonsen aspa bangkok khageethaimassage Khagee A baan house massage Nuch massage dreamhousemassagespa thailanta massage ringobkk,방콕,"['#방콕마사지', '#방콕여행', '#방콕스파', '#방콕로컬마사지', '#방콕여행']"
모든 하루,Clarke Quay,[]
방아 엄빠 동생 만 방콕 코기 계획 정말 한번 아빠 배 배 크기 거의 내 만삭 면서 임신 때 내 체력 질 후 회복 내년 추석 프랑스 지금 당장 혼자 너리 투어 난 못 더 이상 화이팅 차 부부 결혼 차 생일 기념 여행 방콕여행,"Conrad Hotel, Bangkok, Thailand",['#방콕여행']
Waiting for sunset in the pool th May Royal Cliff Beach Terrace Pattaya Waiting for sunset in the pool th May Royal Cliff Beach Terrace Pattaya,"Royal Cliff Beach Resort, Pattaya โรงแรมรอยัลคลิฟ บีช รีสอร์ต พัทยา",[]
방콕 날 날짜 못 뱅기 여름 휴가 만끽 번 사진 설명 산 가방 자랑 번 사진 설명 오빠 헤드셋 어필 여름 휴가 방콕여행 ootd 메이크업 일상 ootd,"인천국제공항, Seoul Incheon Int'l Airport",['#방콕여행']
얼마 노부 방콕여행 첫 디 너 택시 호텔 그 찰나 순간 남편 매 눈 발견 바로 예약 노부 컨셉 디쉬 디쉬 섹션 고급 식 재료 마키 타코 인기 메뉴 층 Bar 섹션 층 레스토랑 카우치 엘 배 터 한참 탑층 뷰 진짜 방콕 꼭 추천 Nobu 노부 nobubangkok 방콕여행 방콕 Bar Nobu nobubangkok,NOBU Bangkok,"['#nobubangkok', '#방콕여행', '#방콕']"
내 왕 상인 왕자 상인,왓 아룬,[]
Mahanakhon Cube kamnuengkamtarn at mahanakhoncube BTS Chongnonsi thbglutton rate dinewithpigs dwpxchongnonsikamnuengkamtarn Mahanakhon Cube kamnuengkamtarn at mahanakhoncube BTS Chongnonsi thbglutton rate dinewithpigs dwpxchongnonsikamnuengkamtarn,Mahanakhon CUBE,[]
방콕여행 내내 유사 톤 방콕 체크 호텔 밤 체크 밤 체크아웃 수 밤 비행기 도착 완존 추천 조식 조 곰 수영장 짱 예 호텔 리조트 숙소 재 방문 의사 습 닷 나찌 숙소 나찌 태국 나찌 방콕 방콕 방콕여행 태국,방콕,"['#나찌숙소', '#나찌태국', '#나찌방콕', '#방콕', '#방콕여행', '#태국']"
방콕 빈 스토크 방콕 beanstalkbangkok 문 연 나름 새 호텔 위치 킹 베드룸 박 단 돈 예약 벙크 베드 룸 치 트러플 트러플 룸 스위트룸 종류 객실 개 부띠 호텔 호텔 태국 일본 디자이너 리 모델링 로비 신발 신발장 실내 화로 신고 전 층 이용 곳곳 건물 흔적 멋 디자인 태국 숫자 표기 룸 넘버 무에타이 글러브 Do not disturb 사인 등등 깨알 재미 디자인 무척 마음 사 판탁 신역 차이나타운 조금 카페 식당 천 삐 가성 비 호텔 방콕 여행자 추천 곳 로비 가구 분위기 정말 리셉션 운행 방콕 방콕여행 방콕 호텔 방콕 성비 호텔 bangkok bangkokhotel ssom bkk beanstalkbangkok Do not disturb bangkok bangkokhotel ssom bkk,Beanstalk Bangkok,"['#방콕', '#방콕여행', '#방콕호텔', '#방콕가성비호텔', '#bangkok', '#bangkokhotel']"
bangkok banyantree banyantreebangkok moonbar 반 얀 트리 반 얀 트리 방콕 방콕 태국 방콕여행 태국 여행 여행 여행사진 여행 스타 그램 bangkok banyantree banyantreebangkok moonbar,"Moon Bar -Banyan Tree Hotel, Bangkok","['#bangkok', '#banyantreebangkok', '#반얀트리방콕', '#방콕', '#태국', '#방콕여행', '#태국여행']"
,방콕,[]
bkkbkkcafebangkokcafe 방콕여행 방콕 카페 방콕 호텔 태국 여행 수영장 수영복 여름 여행 bkkbkkcafebangkokcafe,Bang Kok Thailand,"['#bangkokcafe', '#방콕여행', '#방콕카페', '#방콕호텔', '#태국여행', '#수영장']"
거 작년 번 이번 슬로우 다이어트 성공 말 얏 마지막 사진 비교 등판 진짜 대박 쥬 때 인바디 첫 기록 데 그때 슬금슬금 체지방 빼기 성공 마냥 마름 거 마름 탄탄 어가 중이 방콕 방콕여행 비키니 수영복 bangkok bangkok,,"['#방콕', '#방콕여행', '#bangkok']"
실패 방콕 맛집 카페 모음 집 zip 항공권 성 급 박 호텔 법 공개 맛집 PDF 나눔 한국인 리뷰 개인 곳 포함 안 곳 뿌셨던 방콕여행 진짜 곳 진짜 왕 강 곳 방콕 여행 관심 분 참고 신 박 맛집 사진 아이디어 개발 ju ulip 줄립 짱 찍 길동 X 태국 방콕 에어 텔 프로모션 여행 기간 개월 간 판매 금액 인 부터 시작 구매 방법 인스타 프로필 링크 통해 구매 가능 항공 인천 부산 대구 공항 출발 가능 호텔 메리어트 마르퀴스 퀀 파크 or 로얄 오 키드 쉐라톤 선택 가능 평균 박 내용 구매 혜택 구매 혜택 댓글 실패 방콕 맛집 카페 모음 집 zip 맥도날드 콘 파이 방콕 수 콘 파이 Commune coffee Bar 테이크아웃 전문점 라떼 맛집 커피 맛 예술 쿤댕 유안 왕랑 점 끈 국수 맛집 에어컨 선풍기 더 Second cafe wanglang 한국인 리뷰 개 강 뷰 카페 분위기 맛 Before Sunset 왓아룬 뷰 아이스크림 맛집 일몰 전 방문 필수 HORSAMUT 뭇 예약 방문 왓아룬 뷰 신상 식당 태국 MZ 천국 Manee Thai Food 개 모든 메뉴 현지 맛집 진짜 강추 Before Sunset 근처 거리 Pompano 커피 맛집 카라멜 라떼 태국 느낌 카페 Maithe Pomano 층 위치 함 도시 뷰 카페 맛 닥 KAB KAO KUB PLA 실패 체임점 아이콘 시암 층 위치 함찍 길동 Bangkok zip PDF ju ulip X or zip Commune coffee Bar Second cafe wanglang Before Sunset HORSAMUT MZ Manee Thai Food Before Sunset Pompano Maithe Pomano KAB KAO KUB PLA Bangkok,방콕,[]
새소리 바람 솔솔 불 퍼펙트,Bangkok,[]
외국 더 과감 호텔 더 못 방콕 콘래드 여행 피드 방콕여행,,"['#방콕콘래드', '#방콕여행']"
Swimming Swimming,Grande Centre Point Terminal 21,[]
아이콘 시암 포토 스팟 전망대 필요 아이콘 시암 층 스타벅스 테라스 가면 오프 강 한눈 밤 가면 더 더 저 낮 아주 자리 사진 실내 애 표정 보이시 밤 분수 쇼 크루즈 요나 밤 방콕여행 방콕 곳 아이콘 시암 iconsiam 아이콘 시 암 스타벅스 아이 방콕여행 아이 방콕여행 아이 해외여행 여행 스타 그램 Bangkoktravelgram iconsiam Bangkoktravelgram,Icon Siam ไอคอนสยาม,"['#방콕여행', '#방콕가볼만한곳', '#아이랑방콕여행', '#아이와방콕여행', '#아이와해외여행', '#Bangkok']"
,,[]
우왕 이제 사진 장 이번 여름 휴가 제 방콕 무려 박 일정 당분간 여행 피드 계속 예정 박 동안 호텔 더 스탠다드 방콕 마하 콘 얼마 호텔 트렌디 컨셉 덕분 인기 곳 역시 호텔 곳곳 모두 포토 존 수영 고민 전혀 느낌 조식 방콕 호텔 고민 추천 더 스탠다드 방콕 더 스탠다드 방콕 마하 콘 thestandardbangkok thestandardbangkokmahanakhon 방콕여행 방콕 호텔 방콕 호텔 추천 bangkok bangkokhotel bangkok thestandardbangkok thestandardbangkokmahanakhon bangkok bangkokhotel bangkok,"The Standard, Bangkok Mahanakhon","['#더스탠다드방콕', '#더스탠다드방콕마하나콘', '#thestandardbangkokmahanakhon', '#방콕여행', '#방콕호텔', '#방콕호텔추천', '#bangkok', '#bangkokhotel', '#bangkok']"
방콕 이모저모 툭툭 우리 영 왕 도마뱀 간 룸 공원 자마자 도마뱀 몇 마리 우리 재윤 고기 안 카오산로드 나 아이 헤나 체험 마술 키트 사서 마술 다애 팬 시샵 여기저기 팬 시샵 구경만 하루 너희 엄마 아빠 박 동안 빠뚜남 시장 터미널 쌈펭 시장 차이나타운 빅씨 마트 룸 공원 왓포 카오산로드 마사지 하루 아이 위해 쌈펭 시장 문구 악세사리 도매시장 애 눈 가격 이동 거의 랩 이용 좀 오히려 아이 차 좀 수 더 피드 우리 것 보 다애 곳 더 기억 애 데리 짐 감성 정말 후아힌 후아힌 휴양지 느낌 호캉스하 중 방콕 태국 여행 방콕여행 영 이 니 방콕 가족 여행 bangkok bangkok,,"['#방콕', '#태국여행', '#방콕여행', '#영이니네', '#bangkok']"
호캉스 해도 행복,"The Standard, Bangkok Mahanakhon",[]
방콕 강위 로맨틱 디 너 코스 요리 황실 전통 크루즈 마지막 숙소 야외 수영장 아난타 리버사이드 방콕 리조트 이 마노 크루즈 바로 아난 타라 운영 크루즈 우리 리조트 선착장 체크 가격 주류 음료 무제한 옵션 포함 코스 요리 전부 태국 전통 요리 전 테이블 모두 야경 사이드 석 가격 합리 태국 전통 요리 위주 입 안 사이드 몇 가지 나라 더욱 마지막 메인 스테이크 디저트 나름 음료 무제한 화장실 지하 층 화장실 마련 걱정 노노 약 시간 반 정도 방콕 강 차오프라야강 구경 왓아룬 가까이 아이콘 시암 대형 호텔 야경 강가 테이블 장사 음식점 수상 가옥 구경 재미 리뷰 분도 폭염 쯤 이 저 말 초 크루즈 날 완전 초 강 기분 강바람 불어 타임 예약 크루즈 출발 최소 전 아난타 리버사이드 리조트 선칙 바로 부스 바 처 예약 이름 체크 웰컴 티 푸드 대기 음식재료 알러지 질문 배타 기전 선착장 테이블 해지 는걸 구경 완전 국적 릴스 첫 정면 마노 디 너 크루즈 연인 가족 가시 크루즈 방콕 꼭 한번 경험 사람 뷔 폐식 고급 진 느낌 코스 요리 크루즈 느낌 정말 방콕여행 코스 방콕 디 너 크루즈 방콕여행 마노 디 너 크루즈 아난타 리버사이드 방콕 manohracruises manohradinnercruise anantarariversidebangkok bangkokdinnercruise 도라지 아빠 방콕 manohracruises manohradinnercruise anantarariversidebangkok bangkokdinnercruise,Anantara Riverside Bangkok Resort,"['#방콕여행코스', '#방콕디너크루즈', '#방콕여행', '#아난타라리버사이드방콕', '#anantarariversidebangkok', '#bangkokdinnercruise', '#도라지아빠']"
방콕 시내 그 어딘가 방콕여행 방콕 시내 투어,,"['#방콕여행', '#방콕시내투어']"
The salil riverside bangkok 지은지 얼마 신상 호텔 수영장 방도 심지어 호텔 가격 물 연자매 하루 수영 합 날 아침 짬 매일 수영함 한가지 단점 체크 시간 좀 나머지 방콕 방콕 숙소 추천 해 The salil riverside bangkok,The Salil Hotel Riverside - Bangkok,"['#신상호텔', '#방콕', '#방콕숙소추천']"
저녁 내내 방콕 왓아룬,왓 아룬,[]
자체발광 형광 빤쮸 th May Royal Cliff Beach Terrace Pattaya th May Royal Cliff Beach Terrace Pattaya,Royal Cliff Beach Hotel Pattaya,[]
SEP 인도네시아 바로 다음 날 방콕 해외 출장 해외여행 대한 내 가장 취미 가일 내 취미 단어 건 생각 순간 도시 여행 이기 여유 한국 무언가 도시 가야 생각 선택 도시 타이페이 방콕 선택 방콕 날 그동안 가지 코스 Gowabi 태국 어플 이용 F 크로스핏 밍 예약 아침 시작 여행 위해 중간 중간 월도프 프론트룸 왓아룬 살라 타나 코신 레스토랑 신돈 캠핀 스키 디저트 강약 강 조절 여정 방콕 여행 쯤 아속 역 태국어 자격증 시험 파혼 틴역 앞 타이항공 준비 대학생 시절 터미널 의 점심 도착 늘 방문 애기 발 타 이마 사 스쿨 가성 비도 꽤 bangkok 방콕여행 SEP Gowabi F bangkok,방콕,"['#SEP인도네시아를', '#bangkok', '#방콕여행']"
방콕여행 사진 요 이스 틴 그랜드 파 야타이 층 수영장 뷰 진짜 곳 수영 낭만 자체 층 수영장 더 제 스타일 뷰 층 짱 비교 사람 아침 밤 수영 호캉스 제대로 방콕여행 추천 호텔 보로 소 방콕 보로 소 여행 보로 소 숙소,Eastin Grand Hotel Phayathai,"['#이스틴그랜드파야타이', '#보로소방콕', '#보로소여행']"
하루 종일 거마 쟈,방콕,[]
전 업뎃,방콕,[]
합리 가격 럭셔리 호캉스 수 방콕 그 중 날씨 타파 수 수영장 호텔 수영 인생 사진 찍 수 방콕 신상 수영장 호텔 BEST 공개 성 급 럭셔리 가성 비 인피니티 풀 호텔 방콕 여행 때 참고 이스 틴 그랜드 호텔 파 야타이 문 연 방콕 타 이역 앞 성 급 신상 호텔 방콕 전망 감상 수 개 인피니티 풀 층 층 신돈 미드타운 호텔 방콕 비 네트 컬렉션 IHG 호텔 가족 여행객 인기 방콕 호텔 방콕 스카이라인 루프 탑 인피니티 풀 더 호텔 리버사이드 방콕 차 오프 강변 성 급 신상 호텔 호텔 외관 국적 분위기 메인 야외 수영장 인사 이드 바이 리아 방콕 스쿰빗 오픈 한지 약 방콕 신상 호텔 최상 층 층 루프 탑 야외 인피니티 풀 나이 사 호텔 방콕 숙빗 스쿰빗 지역 올해 오픈 신상 호텔 고요한 분위기 m 길이 메인 풀 m 길이 키즈 풀 인터컨티넨탈 방콕 IHG 호텔 도심 한가운데 자리 위치 호텔 도심 속 오아시스 층 루프 탑 야외 수영장 지금 tourvis official 프로필 링크 방콕 신상 수영장 호텔 특 예약 순간 공유 y ung dy doeuny 방콕여행 정보 알 tourvis official 팔로우 투 어비스 tourvis 여행지 추천 방콕여행 방콕 호텔 BEST IHG m m IHG tourvis official y ung dy doeuny tourvis official tourvis,,"['#여행지추천', '#방콕여행', '#방콕호텔']"
방콕 왓아룬 의상대 점 추천 감성 숙소 저희 최근 호캉스 이번 방콕여행 호캉스 질 질 둘째 날 아침 밖 익 슬쀼 파워 J 답지 못 당일 즉흥 방문 왓아룬 전통의상 헤메 가게 기분 커플 샷 독사진 낼 수 하루 왓아룬 주변 의상대 점 대부분 에어컨 남자 탈의실 기존 옷 위 전통의상 바람 저희 방문 여 점 모두 진짜 핵 편리 전통의상 대여 점 정보 마지막 참고 방콕여행 동남아 태국 여행 코스 왓아룬 새벽사원 J,왓 아룬,"['#방콕여행', '#동남아', '#태국여행코스', '#왓아룬']"
We BANGKOK 방콕 장 여름 끝 때 여름 여행 태국 우기 하루 종일 비올 줄 스콜 정도 나머지 대신 두 방울 때 쯤 실내 이동 장소 정보 아래 욥 am 사진 두유 빠통 우리나라 콩국 꽈배기 조합 맛 욥 Before sunset beforesunsetbkk 사진 비 피 만난 왓아룬뷰 카페 코코넛 아이스크림 추천 합 닷 Afteryou afteryoudessertcafe 사진 빙수 곳 찰밥 게 호불호 좀 갈릴 거 저 완전 호 재 방문 의사 비터맨 bitterman bkk 사진 룸 노스이스트 근처 카페 더위 피 간 곳 커피 인테리어 완전 잉 IBANGKOK 티 구매 처 더 플래티넘 쇼핑몰 mamei 카페 앞 가판 구매 장 바트 장 정도 밑 바지 우디 모 woodimozz 제품 나찌 방콕 나찌 태국 태국 방콕 방콕여행 방콕 카페 We BANGKOK am Before sunset beforesunsetbkk Afteryou afteryoudessertcafe bitterman bkk IBANGKOK mamei woodimozz,방콕,"['#나찌방콕', '#나찌태국', '#태국', '#방콕', '#방콕여행', '#방콕카페']"
마노 던 보이지 조식 크루즈 Manohra Dawn Voyage Breakfast Cruise 방콕 여행 이색 경험 조식 크루즈 아난 타라 조식 크루즈 오픈 조식 왓 아룬 투어 모두 수 크루즈 소개 체크 시간 체크 장소 아난타 리버사이드 호텔 선착장 투어 진행 시간 왓 아룬 투어 포함 인원 경우 투어 종료 시간 수 크루즈 사정 상품 정보 수 예약 전 몽키 트래블 정보 확인 몽키 트래블 팔로우 태국 여행 정보 Manohra Dawn Voyage Breakfast Cruise,Anantara Riverside Bangkok Resort,[]
여행 두번째 날 파타야 방콕 아이콘 시암 타 보고 여 페닌슐 호텔 짱,The Peninsula Bangkok,[]
homecook legit omurice hamburg kitchenniigata next to UOB Plaza Promphong min walk from Emporium BTS Promphong thboverall glutton rate dinewithpigs dwpxpromphongkitchenniigata homecook legit omurice hamburg kitchenniigata next to UOB Plaza Promphong min walk from Emporium BTS Promphong thboverall glutton rate dinewithpigs dwpxpromphongkitchenniigata,Kitchen Niigata (キッチン新潟),[]
수영장 역대 방콕 성 급 신상 호텔 협찬 이번 방콕여행 테마 호캉스 후회 안 수영장 감성 곳 꽃 북적 거리 느낌 호텔 고급 지면 분위기 조 식당 빌라 데바 방콕 Villa Deva Resort Hotel Bangkok 박 층 수영장 풀 빌라 구조 한국 호텔 이 가격 절대 못 아시 이틀 숙박 조식 과일 망고스틴 짱 짱 조식 단 품 요리 커피 주문 미니 부페 형식 더 근처 현지 마사지 리얼 천국 객실 리뷰 시설 소개 릴스 근처 현지 마사지 추천 진짜 곳 한국인 리뷰 거의 만점 타이 마사지 바트 만팔천원 뼈 재 조립 Sabai Thai Massage 가끔 대기 숙소 체크 저녁 타임 미리 예약 해외여행 꿀팁 법 저 노하우 공유 옥 일본 소도시 팔로워 전용 전자책 다낭 호이안 방콕 보라카이 대만 방콕여행 태국 여행 방콕 태국 호캉스 bangkok 신상 호텔 Villa Deva Resort Hotel Bangkok Sabai Thai Massage bangkok,"Bangkok, Thailand","['#해외여행꿀팁', '#방콕여행', '#태국여행', '#방콕', '#태국', '#bangkok', '#신상호텔']"
The timeless flavor of aromatic smokey Old Fashion Cocktail th floor EmWonder The Emsphere For reservations link in bio Call LINE DAKJIBDAKJIBDAKJIBBANGKOKBangkokDinningEMSPHERE EmWonder 방콕여행 닭집 The timeless flavor of aromatic smokey Old Fashion Cocktail th floor EmWonder The Emsphere For reservations link in bio Call LINE DAKJIBDAKJIBDAKJIBBANGKOKBangkokDinningEMSPHERE EmWonder,Dakjib Bangkok,"['#DAKJIBBANGKOK', '#BangkokDinning', '#방콕여행']"
방콕여행,,['#방콕여행']
아이콘 시 암 방콕여행 beforesunsetbangkokaftertheraincoffeeandgallery beforesunsetbangkokaftertheraincoffeeandgallery,"Bangkok, Thailand","['#방콕여행', '#beforesunsetbangkok']"
good start good start,Anantara Riverside Bangkok Resort,[]
또 카,"Bangkok, Thailand",[]
수영 반복 무 계획 휴가 푹 방콕 방콕여행 데 일리 dailylook 여름 코디 수영복 수영복 추천 수영복 코디 여름 데 일리 ootd dailylook ootd,,"['#방콕', '#방콕여행']"
g g,방콕,[]
bangkok 방콕여행 bangkok,,"['#bangkok', '#방콕여행']"
비키니 안 모음 집 zip zip,Sindhorn Kempinski Hotel Bangkok,[]
땡모,,[]
루프 탑 바 재 인 거,"Sheraton Grande Sukhumvit, a Luxury Collection Hotel, Bangkok",[]
푸켓 바다 My best pants plustor enjoyyotdr 태국 프로 틴 한국 돈 한식당 싸이 공연 영상 한국 김찌 태국 택시 가격 한국 포함 motleyflower 운동 일상 태국 고양이 진짜진짜 시간 하루하루 더 행복 thailifestyle thai bangkok koreamodel daily My best pants plustor enjoyyotdr motleyflower thailifestyle thai bangkok koreamodel daily,방콕,"['#thailifestyle', '#thai', '#bangkok', '#koreamodel']"
커피한잔 왓아룬 뷰 방법 vivithecoffeeplace vivi coffeeplace 카페 분 왓아룬 뷰 레스토랑 방문 미리 예약 못 거나 잠깐 사진 땐 이 카페 방문 추천 저 실내 레스토랑 가기 전 잠깐 야외 테라스 자리 강 구경 왓아룬 구경 커피 가격 곳 로테이션 왓아룬 뷰 커피한잔 왓아룬 뷰 방콕 카페 방콕여행 vivithecoffeeplace vivi coffeeplace,VIVI The Coffee Place,"['#방콕카페', '#방콕여행']"
작년 태교여행 후 일 년 다시 곳 그간 샛별 배 세상 맘 부풀 내 뱃살 villadevabangkok villadevabangkok,Villa Deva Resort & Hotel Bangkok,['#villadevabangkok']
여름 안 th May Ko Lan Pattaya th May Ko Lan Pattaya,Koh Lan Island Pattya Thailand,[]
이제 우리 집 가쟈 태국 태국 여행 방콕 방콕여행 여행 그램 여행 기록,방콕,"['#태국', '#태국여행', '#방콕', '#방콕여행', '#여행기록']"
왓아룬뷰 처음 사람 나야 방콕 박 조쿠먼 사 실비 척,"Bangkok, Thailand",[]
bkkcafebkkcafehoppingbangkokcafebangkokcafehoppingcafehoppingcoquettecoreballetcore 방콕 카페 방콕여행 카페 데일 리코 디 가을 코디 방콕 라이프 bkkcafebkkcafehoppingbangkokcafebangkokcafehoppingcafehoppingcoquettecoreballetcore,HUUS PLATE,"['#bangkokcafe', '#bangkokcafehopping', '#방콕카페', '#방콕여행', '#방콕라이프']"
야시장 풀착 샤핑 린 취향 저격 지대 해 우리 린 방콕여행 태국 여행 조 드 페어 야시장,JODD FAIRS : จ๊อดแฟร์,"['#방콕여행', '#태국여행']"
방콕 방콕 방콕여행 bangkok bangkok,Lumphini Park,"['#방콕', '#방콕여행', '#bangkok']"
호텔 로비 원피스 찰떡 방콕여행 태국 이스 틴 그랜드 파 야타이 신상 호텔,"방콕, 태국","['#방콕여행', '#태국', '#이스틴그랜드파야타이', '#신상호텔']"
가성 비 최고 사진 찍기 곳,Away Bangkok Riverside Kene,[]
예약 왓아룬 열 뷰 루프 탑바 게다가 다른 곳 음식 주문 필수 음료 잔 곳 파워 J 인 제 예약 방문 루프 탑바 후기 전부 예약 코앞 왓아룬 뷰 맨 앞 자리 야외 모든 자리 왓아룬 정말 뷰 나중 왓아룬 반대쪽 사 원 뷰 여기 사진 참고 사진 다른 사람 안 맨 앞 제일 처음 옆쪽 자리 나중 자리 완전 명당 꿀팁 직원 맨 앞 말 자리 바로 앞 바로 맨 앞 오픈 런 사람 은근 금방 금방 다른 곳 안 예약 금방 맨 앞 이후 야경 조금 사람 것 참고 모든 자리 왓아룬 정말 보 곳 추천 이글 네스트 바 Eagle Nest Bar 영업 시간 금토일 왓아룬뷰 레스토랑 Eat sight story deck 층 위치 전부 야외 좌석 안쪽 천장 곳도 저 수박 딸기 맛 쿨러 수박 맛 진짜 바트 약 반 정도 가도 자리 다른 자리 나중 맨 앞 달라 미리 말 세계 감성 여행지 사람 yuni journey 팔로우 더 방콕 파타야 정보 수 방콕 방콕여행 방콕 왓아룬 왓아룬뷰 왓아룬 뷰 루프 탑 왓아룬 뷰 루프 탑바 J Eagle Nest Bar Eat sight story deck yuni journey,방콕,"['#방콕', '#방콕여행', '#방콕왓아룬', '#왓아룬뷰루프탑', '#왓아룬뷰루프탑바']"
수영장 뷰 동남아 숙소 예약 법 동남아 여행 빼 수 수영장 하루 종일 수영 다낭 나트랑 방콕 등 동남아 지역 가기 수영장 뷰 맛집 숙소 지금 마이 리얼 트립 소개 모든 숙소 적용 할인 쿠폰 팩 제공 내용 myrealtrip 프로필 링크 확인 마이 리얼 트립 할인 쿠폰 팩 선착순 다운로드 가능 동남아 일본 유럽 등 국가 사용 수 시간 공유 주신 분 감사 iamsuzy minhye guccieun lovelifej yun myrealtrip iamsuzy minhye guccieun lovelifej yun,,[]
바나나 케이크 방콕 가면 꼭 가야 곳 바로 울루물루 카페 wlmlbkk 이 케이크 를 보고 마 우리 치 오카 텔란 의 작품 지성인 작년 리움 미술관 세계 아티스트 마 우리 카텔란 바나나 작품 알 그 작품 영감 탄생 the banana 케이크 해 솔티드 캐러멜 쉬폰 케이크 바나나 크림 무스 초콜릿 바나나 바삭 초콜 쿠키 위 실버 위스키 젤리 작품 벽 때 사용 테이프 위트 구현 실제 마 우리 카텔란 작품 원 가치 전시 중 관람객 작품 해프닝 발생 이슈 기도 이 케잌 마치 원 바나나 듯 기분 날 거 바나나 Subscribe ioeofficialMeet You at ne Table wlmlbkk the banana Subscribe ioeofficialMeet You at ne Table,Woolloomooloo Cafe & Bar,['#방콕']
기록 방콕여행,Eastin Grand Hotel Phayathai,['#방콕여행']
Beautiful sindhornkempinski as alwayssindhornkempinski bkkhotel bkktrip bkktravel 신돈 캠핀 스키 방콕여행 방콕 라이프 Beautiful sindhornkempinski as alwayssindhornkempinski bkkhotel bkktrip bkktravel,Sindhorn Kempinski Hotel Bangkok,"['#방콕여행', '#방콕라이프']"
야경,Tichuca,[]
내년 이제 진짜 방콕 또 다짐 휴가 끝 방콕 bkk 방콕여행 방콕 핫 bangkok bkk bangkok,"방콕, 태국","['#방콕', '#방콕여행', '#방콕핫플', '#bangkok']"
뷰 다해,방콕,[]
B 컷 사실 게 메인 태국 태국 여행 방콕 방콕여행 B,"방콕, 태국","['#사실은이게메인', '#태국', '#태국여행', '#방콕', '#방콕여행']"
첫 태국 여행 방콕 도착 첫날 카오산로드 야시장 뿌시 마사지 뿌시 맥도날드 뿌셨 다야 시장 처음 악어고기 차마 시도 수 전갈 카오산로드 클럽 구경 무슨 냄새 대마 냄새 냄새 남자 테이블 위 춤 야시장 위치 마사지 밖 클럽 소리 커서 릴 렉스 도 빵 등빰 둥빵뚜우 마사지 조금 관자놀이 다음 날 머리 맥도날드 콘파 참으로 모닝 글로리 처음 이 뭐임 진짜 감자 튀김 요셉 이형 덕분 감 맛집 호텔 옴 브리 뉴 태국 여행 태국 방콕여행 방콕 카오산로드 thailand bangkok khaosanroad thailand bangkok khaosanroad,Khao San Road,"['#태국여행', '#태국', '#방콕여행', '#방콕', '#카오산로드', '#thailand', '#bangkok', '#khaosanroad']"
urbanretreatspa urbanretreatofficial 아속 역 위치 접근성 로컬 스파 샵 반 리트 릿 스파 한국 터미널 바로 맞은편 요로 컬 위생 아몬드 오일 마사지 진행 손압 꾹꾹 정말 저 잠 방콕여행 중 가성 비 스파 한번 방문 방콕여행 방콕 마사지 태국 여행 아속 역 터미널 urbanretreatspa urbanretreatofficial,Urban Retreat Spa,"['#방콕여행', '#방콕마사지', '#태국여행', '#아속역']"
첫 사진 제일 대충 한장 제일 맘 에드,Tichuca,[]
파타야 차 태 태,Pataya Thailand,[]
호캉스 끝 이번 여행 컨셉 스위트룸 기본 그 제 큐티브 타입 라운지 이용 무조건 함 제일 시 암 캠핀 스키 수영장 다다 방콕여행 신돈 캠핀 스키 투 베드룸 스 위트 이크 제 큐티브 타오 tao theanimalsobservatory 봉주르 다이어리 bonjourdiary tao theanimalsobservatory bonjourdiary,Sindhorn Kempinski Hotel Bangkok,"['#방콕여행', '#tao', '#봉주르다이어리']"
방콕 청담 거리 랬 진짜 청담 뽀 방콕 MZ 냐옵빠 여 기와 핫 사진 심 만국 공통 남친 확인 다시 찍기 반복 방콕여행 유머 공감 ootd 여행 메이크업 MZ ootd,,['#방콕여행']
땡 모반 필수,Bangkok,[]
추천 스파 오늘 정말 지침 날 마사지 간절 방콕 만족 스파 인생 마사지 만큼 벌써 또 샵 서비스 최고 오일 취향 선택 수 wood 제일 제 취향 시 그 니 처 강추 보로 소방 콕 보로 소 여행 whitewoodgreenspa wood whitewoodgreenspa,White Wood Green Spa & Wellness,"['#보로소방콕', '#보로소여행']"
봄 시간,Tichuca,[]
방콕 왓아룬 지난번 태국 스드메 이번 사원 태국 전통의상 왓아룬 전문 포토 포즈 카메라 폰 가능 덜,왓 아룬,[]
Day and Night in ThailandWith 핫걸 min 태국 방콕 속 역 방콕여행 thailandbangkok Day and Night in ThailandWith min thailandbangkok,방콕,"['#태국', '#방콕', '#아속역', '#방콕여행', '#thailand', '#bangkok']"
내 옷 누가 누가 이전 장해 장소 생각 대로 공간 분위기 곳 oria khaoyai 혜현 태국 자유여행 태국 방콕 자유여행 방콕여행 khaoyaicafe oria khaoyai khaoyaicafe,Khao Yai,"['#혜현', '#태국자유여행', '#태국카오야이', '#방콕자유여행', '#방콕여행']"
한국 오 자마자 수업 새벽 반 떡실신 오늘 수업 화이팅 빡세 일 거 다시 벌써 추억 summervibes 해방촌 오난 bkkbangkok 방콕여행 셀카 summervibes bkkbangkok,방콕,"['#해방촌오난희', '#bangkok', '#방콕여행']"
BOOKING ONLY via line in bio please private space for nail lash lover service all free snacks and bars mixmatch rd LINE cappy link in bio gelnail manicure nailart nailartist naillover naildecorate naildesign nailsalon japanesenailart 네일아트 방콕 네일 태국 네일 방콕 네일아트 방콕 네일 방콕 네일아트 네일 네일아트 방콕 네일 추천 방콕여행 BOOKING ONLY via line in bio please private space for nail lash lover service all free snacks and bars mixmatch rd LINE cappy link in bio gelnail manicure nailart nailartist naillover naildecorate naildesign nailsalon japanesenailart,Susan Croissant,"['#방콕네일', '#태국네일', '#방콕네일아트', '#방콕네일샵', '#방콕네일아트샵', '#에까마이네일샵', '#에까마이네일아트', '#방콕네일샵추천', '#방콕여행']"
sweet corn cream pie young coconut cream pie matcha banoffee thepastryandcooldtown Phra Sumen Road or delivery sweet corn cream pie thbpcyoung coconut cream pie thbpcmatcha banoffee thbpcglutton rate sweet corn young coconut matcha banoffee dinewithpigs dwpxdeliverythepastryandcooldtown thepastryandco sweet corn cream pie young coconut cream pie matcha banoffee thepastryandcooldtown Phra Sumen Road or delivery sweet corn cream pie thbpcyoung coconut cream pie thbpcmatcha banoffee thbpcglutton rate sweet corn young coconut matcha banoffee dinewithpigs dwpxdeliverythepastryandcooldtown thepastryandco,The Pastry&Co.,[]
핫 이 핫바 그 사이 어딘가,Sindhorn Kempinski Hotel Bangkok,[]
방콕 겨울 가야 듯 방콕 방콕여행 태국 태국 여행 실신 목숨 해외여행 해외여행 추천 여행지 추천 조심 해외여행 이슈 논란,,"['#방콕', '#방콕여행', '#태국', '#태국여행', '#해외여행지', '#해외여행지추천', '#여행지추천']"
로비 호텔,Sindhorn Kempinski Hotel Bangkok,[]
해피 삐,방콕 유사톤,[]
방콕 루프 탑바 중 어디 고민 무색 그냥 호텔 젤 르부 호텔 스카이바 결정 마지막 날밤 루프 탑바 한번 탁 야경 날씨 한번 칵테일 잔 은 좀 스카이바 스텐딩바 시간 못 제대로 테이블 잡고 식사 방콕여행 방콕 루프 탑 부아 호텔 스카이바,,"['#방콕여행', '#방콕루프탑바']"
술톤 유지 위해 방콕 술 녀 매 끼니 맥주 방콕여행,,"['#방콕술꾼녀', '#방콕여행']"
파타야 리조트 방콕 생각 방콕여행 파타야 여름 끝,,['#방콕여행']
방콕여행 왓아룬 왓 포사 태국 여행 디카 코쿤카 왓아룬,왓아룬,"['#방콕여행', '#왓아룬', '#태국여행', '#왓아룬에서빌려입은치마']"
Welcome to Thailand 방콕 방콕여행 태국 여행 방콕 카페 왓아룬 bangkokthailandwatarunwatarunview Welcome to Thailand bangkokthailandwatarunwatarunview,"WatArun, Bangkok Thailand","['#방콕', '#방콕여행', '#태국여행', '#방콕카페', '#왓아룬', '#bangkokthailand']"
방콕여행 툭툭 랩 바이크 더 참고 해 방콕 후배 안전 보장 못,"Bangkok, Thailand กรุงเทพมหานคร, ไทย",['#방콕여행']
티츄카 바 좌석 필수 불빛 수 밤 모습 소음 가득 찬 낮 방콕 사랑 수 방콕여행 방콕 핫 티츄카 tichucarooftopbkk tichuca tichucarooftopbkk tichuca,Tichuca,"['#방콕여행', '#방콕핫플']"
협찬 년 오픈 방콕 신상 호텔 소테츠 그랜드 프레 사 방콕 Japan style 호텔 BTS 아속 역 MRT 스쿰빗역 도보 분 터미널 쇼핑몰 인근 시내 위치 쇼핑 이동 무척 루프 탑 수영장 운 저 프라이 우리 끼리 물놀이 So good 매일 아침 조식 배 커피 맛집 향 커피 잠 Sotetsu Grand Fresa Bangkok sotetsuhotelsgrandfresa bangkok SotetsuBangkok BangkokHotel bangkokhotel SotetsuGrandFresaBangkok 방콕 호텔 방콕여행 방콕 신상 호텔 방콕 시내 호텔 방콕 호텔 추천 소테츠 방콕 여행 플루 여행 중독 여행 블로거 Japan style BTS MRT So good Sotetsu Grand Fresa Bangkok sotetsuhotelsgrandfresa bangkok SotetsuBangkok BangkokHotel bangkokhotel SotetsuGrandFresaBangkok,Sotetsu Grand Fresa Bangkok,"['#SotetsuBangkok', '#BangkokHotel', '#bangkokhotel', '#방콕호텔', '#방콕여행', '#방콕신상호텔', '#방콕시내호텔', '#방콕호텔추천', '#소테츠방콕', '#여행중독자', '#여행블로거']"
가족사진 인증샷 느낌 물씬 나 몇 우리 넷 완전체 사진 빡빡 투어 일정 준 아이 덕분 방콕 도장 모두 완성 방콕여행 아이 방콕여행 아이 방콕여행 촘아룬왓아룬뷰왓 룬뷰 레스토랑 chomarunbangkok 여행 스타 그램 chomarunbangkok,Chom Arun,"['#방콕여행', '#아이랑방콕여행', '#아이와방콕여행', '#왓아룬뷰레스토랑', '#bangkok']"
가까이 가면 주의,Thailand Phi Phi Island Monkey Beach,[]
엄마 덕분 왓 포구 경 너 무 사원 마지막 전 왓포슬쩍왓포 방콕여행,"Wat Pho (the Temple of the Reclining Buddha), Wat Phra Chetuphon",['#방콕여행']
방콕 초록색 여행 일기 여행 방콕 방콕여행 bangkok 여행 스타 그램 bangkok,Bangkok,"['#여행일기', '#방콕', '#방콕여행', '#bangkok']"
왜 동남아 가면 수영 계속 이해 날씨 호텔 체크 하자 마자 바로 수영장 아무 둘이서 헤엄 날 호텔 포스팅 정도 나 알 느 방콕 방콕여행 방콕 호텔 추천 프리랜서 모델 패션모델 여자 쇼핑몰 비키니 추천 여행 플루 bangkokfashion bangkokfashion,"Bangkok, Thailand","['#방콕여행', '#방콕호텔추천', '#bangkokfashion']"
저장 필수 박 조식 포함 가성 비갑 방콕 숙소 인스타 핫 꼭 awayriversidehotelkene 첫날 저녁 랜딩 요기 박 인스타 사진 수영장 사람 별로 남편 가격 실화 며 Away riverside hotel kene 조식 포함 박 오프 강변 위치 대신 주변 핫 관광 저 무조건 랩 이용 전혀 아이콘 시암 아시아 티크 BTS 역 무료 셔틀버스 공항 픽업 서비스 직원 너 무 awayriversidehotelkene Away riverside hotel kene BTS,Away Bangkok Riverside Kene,"['#방콕숙소', '#아시아티크']"
with beer with beer,TRIBE Sky Beach Club,[]
사진 산간 도시 위치 프라이 빗 정원 풀 럭셔리 글램핑 슬로건 건 te mataglamping 영상 속 객실 Royale 인 조식 포함 박 초반 타입 최대 인 가능 체크 체크아웃 디파 짓 박 바트 이체 현 금조 가지 타입 복수 선택 가능 디너 요리 바베큐 샤브샤브 등 주문 가능 쿠 개 화장실 어메니티 다이슨 드라이기 ATV 애프터눈티 무비 나잇 등 유료 프로그램 운영 펫 프 랜들 리 글램핑 펫 유료 프로그램 운영 매니저 전담 케어 메신저 소통 방콕 왕복 유료 예 약 가능 초대 곳 방콕 차로 거리 위치 이 곳 현지 사이 인기 장소 평소 자연 글램핑 관심 분 추천 이색 여행지 te mataglamping 혜현 hminin 태국 여행 태국 자유여행 태국 방콕여행 태국 여행지 방콕 자유여행 te mataglamping Royale ATV te mataglamping hminin,Te Mata Glamping,"['#혜현', '#태국여행', '#태국자유여행', '#태국카오야이', '#방콕여행', '#태국여행지', '#방콕자유여행']"
맥주 병 부표 레벨 상승,Innside by Melia Bangkok Sukhumvit,[]
태국 생활,Kay's,[]
힐링 파타 야유 산소 집앞 밥 이틀 스카이 갤러리 파타야 맛집 파타야 파타야 여행 방콕여행 태국 맛집 pataya theskygallerypattaya 파타야 호텔 짓 파타야 bangkokfood patayatrip pataya theskygallerypattaya bangkokfood patayatrip,The Sky Gallery Pattaya,"['#파타야맛집', '#파타야여행', '#방콕여행', '#태국맛집', '#파타야호텔', '#bangkokfood']"
장마 시작 더 오키나와 서울 스트랩 모노키니 생각 반응 컬러 레드 핑크 제일 나가요 체형 스트랩 조절 추천 업데이트 완료,"Hyatt Regency Seragaki Island, Okinawa - ハイアット リージェンシー 瀬良垣アイランド 沖縄",[]
태국 리얼 전달 타일랜드 리뷰 진심 감사 고객 태국 방문 때 여행 항상 노력 타일랜드 투어 대한 내용 네이버 타일랜드 검색 인스타 상단 링크 클릭 확인 gofreeth 팔로우 각종 태국 투어 및 여행 정보 언제 여행 관련 문의사항 디엠 주시 답변 방콕여행 방콕 카페 방콕 호텔 방콕 생활 방콕 핫 gofreeth,서울,"['#방콕여행', '#방콕카페', '#방콕호텔', '#방콕생활', '#방콕핫플']"
방콕 근교 위치 태국 최고 휴양도시 파타야 오늘 푸른 투어 에디터 파타야 볼 곳 BEST 를 소개 패키지 정보 푸른 투어 홈페이지 방콕 파타야 검색 게시 물 태국 정부 관광 청과 BEST,파타야,[]
왓아룬뷰 Bar 예약 법 파워 P 위 꿀팁 군데 방문 후 가게 곳 후기 일몰 전 방문 만석 예약 방문 시엔 일몰 전 필수 때 P 인 분 사용 수 꿀팁 사전 예약 해 빈 좌석 방법 요 예약 이용 말 콜 바로 냉큼 일몰 구경 꿀 후기 예약 좌석 깨알 방법 사용 곳 것 뷰 더 Sala rattanakosin 칵테일 잔 THB 예약 좌석 투리 시간 이용 좌석 이용 일몰 전 사진 촬영 일몰 해 왓아룬 뷰 오른쪽 미리 방문 the deck 추천 좌석 더 음료 편 찍 길동 Bangkok Bar P P Sala rattanakosin THB the deck Bangkok,방콕,[]
방콕여행 여름 휴가 역시 휴가 동남아 여행 퇴사 여행 이후 재 방문 방콕 당시 급작 터 계획 그냥 그게 원래 내 스타일 계획 그것 것 이번 방콕 것 첫 이집 바로 여기 템플 뷰 숙소 아고다 숙소 사진 한장 그냥 일정 자체 쪽 근처 맛집 마사지 곳 위치 그냥 치명 게 엘리베이터 뷰 저 방 층 보통 엘베 해도 상주 직원 경우 체크 때 정도 떄문 사실 걱정 안 상주 직원 뭐 애초 체크 조차 셀프 또한 여유 곳 오르락 내리락 정말 정말 침대 한낮 해질녘 저녁 새벽 시간 등 시간 다른 모습 사 원 뷰 볼 수 저 숙소 다시 나이 갈비 국수 로띠 눈 때 마침 근처 구글 리뷰 크루 압손 똠양꿍 왜 쏨땀 도 얼마나 이번 알 커피 한잔 까페 또한 그린카레 또한 나이 입맛 하나 봄 할인 가로 JW 매리어트 호텔 뷔페 재료 위상 상태 뭔가 태국 맛 묘 경험 함 이후 다른 브랜드 호텔 뷔페 군데 더 예약 취소 위생 눈 로컬 가게 위주 JW,,"['#방콕여행', '#동남아여행', '#퇴사여행', '#방콕당시에도', '#나이쏘이', '#갈비국수', '#크루아압손', '#똠양꿍']"
방콕 day 새벽 진동 소음 잠 다시 뒤척 아침 조식 리셉션 말 레이 트 체크아웃 pm 원래 체크아웃 완전 럭키 오늘 하루 조식 여유 모닝 수영 수영장 매일 사람 진짜 가족 팀 팀 정도 수영장 베드 새소리 여유 워 점심 고 메 마켓 못 과자 망고 쇼핑 키즈 클럽 시간 좀 체크아웃 후 짐 마지막 마사지 마사지 수영 다담 또 어디 시 암 캠핀 스키 모닝 수영 마사지 가족 여행 방콕여행 방콕 맛집 방콕 쇼핑 day pm,,"['#방콕여행', '#방콕맛집', '#방콕쇼핑']"
하루 종일 수영 노래 배짱,,[]
방콕 해피 메리 추석,방콕,[]
박 방콕 여행 매번 때 다른 느낌 태국 음식 맛 방콕 방콕여행 방콕 맛집,,"['#방콕', '#방콕여행', '#방콕맛집']"
주황색 파라솔 수영장 보고 꼭 제일 리조트 진짜 리조트 호텔 답 서비스 크기 만족 운 무료 룸 업그레이드 까지영앤핏 방콕여행 아난타 리버사이드 호캉스,Anantara Riverside Bangkok Resort,['#방콕여행']
방콕여행 방콕 약 속 거 사람 느무느무,Siam Paragon,['#방콕여행다']
방콕여행 야경 오프 강 야경 뷰 디 너 크루즈 태국 밤 도시,"방콕, 태국","['#방콕여행', '#태국']"
bkk 방콕여행 bangkok 태국 여행 bkk bangkok,방콕,"['#방콕여행', '#bangkok', '#태국여행']"
여행 또 다른 곳 태국 여행 방콕여행 태국 호텔 방콕 호텔 방콕 샹그릴라 shangrila shangrila,Shangri-La Bangkok,"['#태국여행', '#방콕여행', '#태국호텔', '#방콕호텔', '#방콕샹그릴라']"
우기 걱정 밤 비 방콕 정도 날씨 요정 햇볕 아래 수영 실천 중센느 방콕 방콕여행 프리랜서 모델 패션모델 대여 자코 디 비키니 추천 여행 플루 bangkoktrip koreanmodel bangkoktrip koreanmodel,U Sathorn Bangkok,"['#방콕여행', '#20대여자코디', '#bangkoktrip', '#koreanmodel']"
방콕 밤티츄카 tichuca 방콕여행 tichucarooftopbkk bkk 태국 여행 bangkok thailand tichuca tichucarooftopbkk bkk bangkok thailand,Bang Kok Thailand,"['#방콕여행', '#태국여행', '#bangkok', '#thailand']"
방콕 안 거,King Power Mahanakhon,[]
망고 맛집 방콕 일상 반 맞팔 휴양지 동남아 휴양지 여행 오운완 ootd 선팔 모델 맥스 펌프 maxpump arsenal 여자 운동복 gym 방콕 티디 운동 여자 운동 남자 방콕여행 태국 태국 여행 태국 맛집 방콕 맛집 방콕 현지 맛집 태국 마사지 ootd maxpump arsenal gym,"방콕, 태국","['#좋반', '#휴양지룩', '#동남아', '#휴양지', '#방콕', '#방콕여행', '#태국', '#태국여행', '#태국맛집', '#방콕맛집', '#방콕현지맛집', '#태국마사지']"
테이블 접시 자리 조식 왕창 비둘기 슬그머니 사진 매일 수영 새 실력 왓아룬 왕궁 오토바이 속눈썹 방콕 방콕여행 태국 태국 여행 왓아룬 왕궁 왓 포사 포시즌스 포시즌스 호텔 방콕 포시즌스 조식 bangkok bangkok bangkokthailand thailand fourseasons fourseasonshotel bangkok bangkok bangkokthailand thailand fourseasons fourseasonshotel,방콕,"['#방콕', '#방콕여행', '#태국', '#태국여행', '#왓아룬', '#포시즌스호텔', '#방콕포시즌스', '#bangkok', '#bangkok', '#bangkokthailand', '#thailand']"
밤 수영 이스 틴 층 수영장 진짜 수영 피자 칵테일 야경 해질녘 밤 수영 꼭 하루 일 내일 것 아모 월요일 밤 보로 소 여행 보로 소 방콕 보로 소 숙소 방콕여행,Eastin Grand Hotel Phayathai,"['#보로소여행', '#보로소방콕', '#방콕여행']"
딤섬 맛집 바 이윤 방콕 음식 마지막 날 가격 가성 비 최고 맛 동남아,Baiyun Chinese Restaurant @ Banyan Tree Hotels & Resorts,[]
안 뻔 여러분 여기 최고 뷰 뷰 방콕 드타 운 전망 맛집 바 swingbar 뷰 맥주 한잔 그냥 방콕여행 꿀 정보 유튜브 출발 하라 구독 곧 업로드 여 행유 튜버 출발 방콕여행 방콕 드타 운 맛집 방콕 추천 바 방콕 전망 맛집 태국 분 구독 맞팔 환영 swingbar,SwingBar,"['#방콕여행', '#방콕올드타운맛집', '#방콕추천바', '#방콕전망맛집', '#태국좋아하시는분']"
올해 추석 힐링 방콕 방콕여행,The Salil Hotel Riverside - Bangkok,"['#방콕', '#방콕여행']"
밥 내 의자 밀면 사람 사진 화장실 자리 사진 왓아룬뷰 정도 그냥 엉망 건가,sala rattanakosin Bangkok,[]
방콕시티 캔 스탑 Day 방콕 도착 자마자 숙소 호스트 연락 두절 음식점 연 곳 공포 km 날 절대 못 해 영감 안도 Day km,,[]
이집 케이 쿠 노래 초코 케이크 별 다섯 개 방콕여행 바나 커피 방콕 카페 방콕 맛집 여행 여행 코디 방콕여행 코스 방콕,MiVana Coffee Baan Sathon,"['#방콕여행', '#방콕카페', '#방콕맛집', '#여행룩코디', '#방콕여행코스', '#방콕']"
온 방콕 bangkok 방콕여행 방콕 맛집 카오산로드 쩟 페어 야시장 bangkok,방콕,"['#bangkok', '#방콕여행', '#방콕맛집', '#카오산로드']"
슈크림 오키나와 날씨 한소리 옷 기장 좀 편이 이하 추천 업데이트 완료,BLUE SEAL ICE CREAM,[]
내일 금 이이일 더 전 여름 사진,,[]
거 길,방콕,[]
처럼 쓰기 태국 여행 방콕여행 티츄카,Tichuca,"['#태국여행', '#방콕여행']"
낮 밤 방콕 방콕 bangkok 여행 방콕여행 여행 기록 셀피 selfie 유사 톤 USathornBangkok bangkok selfie USathornBangkok,방콕,"['#방콕', '#bangkok', '#방콕여행', '#여행기록', '#USathornBangkok']"
후 여기 정말 별 개 모 키즈 프렌들리 역대 호텔 위치 최고 방콕여행 시 암 캠핀 스키 여행 기록 중,Siam Kempinski Hotel Bangkok,['#방콕여행']
방콕 인생 샷 겟또 방콕여행 방콕 루프 탑바 티 추카 bangkokrooftop tichucarooftopbkk bkk bangkokrooftop tichucarooftopbkk bkk,Tichuca,"['#방콕여행', '#방콕루프탑바', '#bangkokrooftop']"
July when i was still happy bangkok tichucarooftopbkk thailand 태국 여행 방콕여행 travel July when i was still happy bangkok tichucarooftopbkk thailand travel,Tichuca,"['#bangkok', '#thailand', '#태국여행', '#방콕여행']"
,,[]
혼자 우유 막상 호랑이 코앞 바로 거부 남편 나은 주 려고 돈 사람 저 아기 호랑이 우유 주기 바트 한화 약 정도 방콕 사파리 월드 거의 컷 좀더 포즈 볼걸 순삭 아이 방콕여행 사파리 월드 추추 추천 방콕 사파리 월드 사파리 월드 호랑이 우유 주기 방콕여행 아이 방콕여행 아이 방콕여행 아이 해외여행 아이 곳 아이 아이 곳,Safari World,"['#방콕사파리월드', '#방콕여행', '#아이랑방콕여행', '#아이와방콕여행', '#아이와해외여행', '#아이랑가볼만한곳', '#아이와갈만한곳']"
방콕 파타야 bangkok pattaya 여행 숙소 맛집 방콕여행 파타야 여행 야시장 수영 비키니 bangkok pattaya,방콕,"['#방콕', '#bangkok', '#맛집', '#방콕여행', '#파타야여행', '#야시장']"
울 가족 모두 마음 왓아룬뷰 예약 해지 기전 모습 불 야경 눈 담 수 강 바람 솔솔 불어 야외 직원 준 우리 가족사진 야경 레스토랑 저녁식사 우리 가족 추억 하나 더 만들기 부지런 예약 한국인 동지 만난 저녁 시간 름맘 방콕 름맘 여행 어보 브리 바,Above Riva Rooftop Bar & Restaurant,"['#름맘네방콕', '#름맘네여행']"
쑥쓰럽 여기 수영장 정말 이번 구매 수영복 핑쿠핑쿠 마음 드 사진 찍기 위해 아침 일찍 안 비밀,"Bangkok, Thailand",[]
First day in Thailand Ka 방콕 방콕여행 First day in Thailand Ka,"방콕, 태국","['#방콕', '#방콕여행']"
,왓 아룬,[]
숙소 뷰 실화,ARUN Riverside Bangkok,[]
행복 사람 내내 여행 이자 유독 대합 시절 여행 대합 얘기 막내 타이틀 조금 편 언니 덕 무한 애정 막내 수 동안 서로 집중 잠깐 SNS 세상 단절 뭐 매 순간 사람 여행 거구 를 또 여행 내내 매일 밤 모 그날 감정 공유 옛날 얘기 내 안 도파민 가득 게 진짜 도파민 중독 말 체력 바닥 향 매일 매 순간 게 방콕 뭐 제일 기억 남 거 누군가 나 아마 봉사 자신 대답 거 가지 집착 수 시간 그 상황 감정 못 기억 거 앞 기회 종종 거 퇴사 조금 고민 안고 여행 뭔가 깨달음 거 대합 시절 만난 사람 여행 수 정말 날 또 번 추억 생각 끝 사랑 동예 하빈 봉 SNS,Bangkok,[]
방콕 맛 도리 애들델 안 중 노스이스트 인생 땡 모 반 룸 공원 옆 맛집 게 웨이 팅 번내 뒤 한국 사람 한국 사람 맛집 진심 음식 차이나타운 안 스벅 재 유니 가방 속 소듕 동전지갑 왓포 카오산로드 맛집 나이 갈비 국수 국수 먹방 울 애 국수 쩟 페어 야시장 랭쌥 고추 랭쌥집 터미널 사보이 푸팟퐁 커리 호텔 풀바 맥주 한잔 두리안 못 봄 아속 역 망고 맛집 화이트하우스 망고 찰밥 맛집 여기 가면 인생 망고 수 열대과일 안 우리 가족 것 트랙 픽잼 때문 랩 취소 화난 초딩 패드 방콕 태국 태국 맛집 방콕 맛집 영 이 니 방콕,,"['#방콕', '#태국', '#태국맛집', '#방콕맛집', '#영이니네']"
왓아룬 뽀동보 레츠고 bangkok horsamut bangkok horsamut,Horsamut ร้านอาหารทะเล,['#bangkok']
한국 눈 절대 안 st 조 은 구 곤쥬님 컨셉 욤 여기 가게 이름 므 방콕 악명 주말 트래픽 깔깔 거리 드라이브 갑자기 목적지 곳 것 사진 호텔 델러오 델 언닌 천사 얌 우린 남자 만날 꼬얌 우리 방콕 BKK 방콕여행 데이트 ootd st BKK ootd,,"['#방콕', '#방콕여행']"
여행 마니아 치앙마이 달 살기 최고 꼽는 이유 여 년 치앙마이 누벼온 여행 작가 유 승혜 여행 노하우 실용 정보 가득 차 마이 달 살기 가이드 좀 좀 치앙마이 달 살기 치앙마이 치앙마이 여행,,"['#좀쉬었다올게요', '#치앙마이여행']"
파타야 리조트 수영장 우뚝 수영 심 폐지 구력 좀 건강 최고 저 여행 살이 수영 하루 종일 런가,"Infinity Pool @Royal Cliff Beach Hotel, Pattaya",[]
왓아룬 강변 길 꽃 시장 워킹 투어 리뷰 진심 감사 고객 태국 방문 때 여행 항상 노력 타일랜드 투어 대한 내용 네이버 타일랜드 검색 인스타 상단 링크 클릭 확인 gofreeth 팔로우 각종 태국 투어 및 여행 정보 언제 여행 관련 문의사항 디엠 주시 답변 태국 여행 방콕여행 방콕여행 코스 동남아 여행 수완 폼 공항 인천 국제공항 gofreeth,서울,"['#태국여행', '#방콕여행', '#방콕여행코스', '#동남아여행', '#수완나폼공항', '#인천국제공항']"
둘 자전거 타고 맛사지 bkk 방콕 맛사지 방콕여행 bkk,ทองหล่อ Thonglor,"['#방콕맛사지', '#방콕여행']"
몸 밥 술 온천 골프 공짜 제 작 원 릴스 저장 공유 반응 폭발 피드 상세 대로 이 모든 혜택 곳 여기 가성 비 방콕 신상 호텔 스테이 브릿지 스 위트 스쿰빗 IHG 계열 성 급 룸 타입 King One Bedroom Suite Living Area sqm 투숙 객 전용 무료 혜택 여행 경비 소리 조식 다른 곳 추가 금 투숙 객 라면 공짜 온천 일본 온천 사우나 매일 공짜 스파 비 절약 수영장 고층 빌딩 한눈 인피니티 풀 세탁기 객실 드럼 세탁기 용 세탁 세제 해피아워 월수 오후 스낵 주류 무제한 셔틀 서비스 근처 지하철 BTS 프롬 퐁역 이동 스크린골프 골프채 시간 사전예약 필수 여기 숙박 외식 비 스파 비 교통비 완전 호텔 연락처 정보 Instagram staybridgesuitesbkksukhumvit Line staybridgebkk staybridgecomsukhumvit 해외여행 꿀팁 법 노하우 공유 옥 팔로워 전용 전자책 우주 제일 여행가 그날 꿀팁 계속 StaybridgeSuitesBangkokSukhumvit AnIHGHotel BringOnTheRewards IHGOneRewards ExperienceIHG 방콕여행 태국 여행 방콕 호텔 호캉스 IHG King One Bedroom Suite Living Area sqm BTS Instagram staybridgesuitesbkksukhumvit Line staybridgebkk staybridgecomsukhumvit StaybridgeSuitesBangkokSukhumvit AnIHGHotel BringOnTheRewards IHGOneRewards ExperienceIHG,,"['#StaybridgeSuitesBangkokSukhumvit', '#방콕여행', '#태국여행', '#방콕호텔']"
방콕여행 차 다시 방문 방콕 분위 디 너 크루즈 처음 분위기 좀 다음 날 더 일,,['#방콕여행']
방콕 방콕여행 방콕 카페 방콕 호텔 방콕 생활 방콕 라이프 방콕 스냅 태국 태국 여행 티디 산리오 adidas adidas,Gump's Ari Community Space,"['#방콕', '#방콕여행', '#방콕카페', '#방콕호텔', '#방콕생활', '#방콕라이프', '#방콕스냅', '#태국', '#태국여행']"
방콕 첫 현지 식당 고기 밥 내 취향 새우 튀김 진짜 처음 땡 모반 내 취향 식당 제 취향 엄선 방콕 공간 기대 센느 방콕 방콕여행 방콕 맛집 여행 플루 프리랜서 모델 패션모델 koreanstyle bangkokfood koreanstyle bangkokfood,,"['#방콕여행', '#방콕맛집', '#koreanstyle', '#bangkokfood']"
날씨,Villa Deva Resort & Hotel Bangkok,[]
,The Salil Hotel Riverside - Bangkok,[]
Time for me n myselfmetime bangkok bdaygirl 방콕여행 Time for me n myselfmetime bangkok bdaygirl,방콕,"['#bangkok', '#방콕여행']"
다음 해외여행 어디,방콕 유사톤,[]
태국 tailand 파타야 pattaya 여행 해외여행 방콕 방콕여행 tailand pattaya,"Pattaya, Thailand","['#태국', '#tailand', '#방콕', '#방콕여행']"
수영 완 엄빠 망고 밥 똠양꿍 망고 밥 똠양꿍 단 맵 매일 가능 방콕여행 태국 여행,Kimpton Maa-Lai Bangkok,"['#방콕여행', '#태국여행']"
MZ 처럼 올해 해외여행 것 태국 방콕 제일 태국 방콕여행 MZ,"방콕, 태국","['#태국', '#방콕여행']"
방콕 간다 티츄카 무조건,Tichuca,[]
방콕 와이프 술 데이트 술집 아무 데 분위기 카 오산 카오산로드 술 데이트 방콕여행,Khao San Road,"['#카오산로드', '#방콕여행']"
태국 차 왓아룬 끝장,"Bangkok, Thailand",['#왓아룬']
오션 뷰 공중 뷰 더 곳 하늘 위 식사 기분 태국 여행 방콕여행 방콕 맛집 공중 레스토랑 별미 별미,,"['#태국여행', '#방콕여행', '#방콕맛집', '#공중레스토랑']"
방콕 차 숙소,Villa Deva Resort & Hotel Bangkok,['#방콕']
추석 연휴 가족 여행 온 방콕 방콕 우기 밤 마다 비 야경 디 너 크루즈 야외 예약 음식 비 비만 쫄딱 야경 못 보고 감기 비 감기 몸살 시골 못 요양 추석 연휴 금방 후루룩 연휴 일 상복 이틀 일 주말 화이팅 방콕여행 여행 스타 그램 태국 태국 여행,,"['#방콕여행', '#태국', '#태국여행']"
Bangkok City tichucarooftopbkk bangkok thiland Bangkok City tichucarooftopbkk bangkok thiland,Tichuca,"['#bangkok', '#thiland']"
Good music and good original German foodCelebrate October at Longtail by the River October For daysLongtail by the River Free flow package unlimited draft beer and food for hours baht net per personoktoberfestanantarariverside oktoberfest anantarariverside hotelbangkok 방콕여행 Good music and good original German foodCelebrate October at Longtail by the River October For daysLongtail by the River Free flow package unlimited draft beer and food for hours baht net per personoktoberfestanantarariverside oktoberfest anantarariverside hotelbangkok,,"['#hotelbangkok', '#방콕여행']"
여름 끝 자락 뱅콕스,타이항공 기내,[]
방콕 밤 힐링 여행 온 기분 한국인 수영 수 Tribe sky beach club Sukhumvit Rd Khlong Tan Khlong Toei Bangkok 방콕 핫 방콕 방콕여행 방콕 루프 탑 방콕 비치 클럽 Tribe sky beach club Sukhumvit Rd Khlong Tan Khlong Toei Bangkok,TRIBE Sky Beach Club,"['#방콕핫플', '#방콕', '#방콕여행', '#방콕비치클럽']"
bkkcafebkkcafehoppingbangkokcafebangkokcafehoppingfallfashionautumn 방콕여행 방콕 카페 카페 데일 리코 디 가을 코디 방콕 라이프 bkkcafebkkcafehoppingbangkokcafebangkokcafehoppingfallfashionautumn,The Pastry&Co.,"['#bangkokcafe', '#bangkokcafehopping', '#방콕여행', '#방콕카페', '#방콕라이프']"
onedaythai thailand amazingthailand unseenthailand chutthai thaidress thaicostume bangkok bangkokphotographer travelbangkok thaidressrental watpho grandpalacethailand 방콕여행 onedaythai thailand amazingthailand unseenthailand chutthai thaidress thaicostume bangkok bangkokphotographer travelbangkok thaidressrental watpho grandpalacethailand,,"['#thailand', '#amazingthailand', '#unseenthailand', '#thaidress', '#bangkok', '#bangkokphotographer', '#travelbangkok', '#thaidressrental', '#grandpalacethailand', '#방콕여행']"
goutes patissieres room puffle cake Apple pie Hojicha Corn pie Strawberry Millefeuille Mr Pierre P enfoodgalleryenfoodgalleryxratchapruekGoutes patissieres room Workplace RatchaphruekCharan Bang Waek Phasi Charoen Bangkok goutes patissieres room puffle cake Apple pie Hojicha Corn pie Strawberry Millefeuille Mr Pierre P enfoodgalleryenfoodgalleryxratchapruekGoutes patissieres room Workplace RatchaphruekCharan Bang Waek Phasi Charoen Bangkok,goutes.patissieresroom,[]
bkk bkk,,[]
캐 쥬얼 가면 프리 패스 오픈 한지 달 핫 bar Rhodes bar Khlong Tan Nuea Watthana Bangkokbangkok bkk thailand 방콕여행 방콕 방콕 핫 bar Rhodes bar Khlong Tan Nuea Watthana Bangkokbangkok bkk thailand,Rhodes Bangkok,"['#bangkok', '#thailand', '#방콕여행', '#방콕', '#방콕핫플']"
멍 방콕,"태국, 방콕 카오산로드",['#방콕']
정신 살 아시아 티크 야장 펍 못 아쉬움 태국 여행 방콕여행 bangkok 방콕 아시아 티크 bangkok,Asiatique The Riverfront (เอเชียทีค เดอะริเวอร์ฟร้อนถนนเจริญกรุง),"['#아시아티크야장', '#태국여행', '#방콕여행', '#bangkok', '#방콕아시아티크']"
햇빛 날,Villa Deva Resort & Hotel Bangkok,[]
Bangkok Thailand One thing Im certain of I will make sure my baby will start swimming lessons at a young age so he can enjoy all the water activities when we travel compared to momma whos afraid of everything weekspregnantthailandbangkoktraveltravelthailandbeautifuldestinationsinfinitypoolcityview 방콕여행 방콕 주 태교여행 임신 스타 그램 임신 개월 pregnantbellytraveltheworldtravelphotographylivinginkoreaexpatinkoreathailandtravel 해외여행 여행 Bangkok Thailand One thing Im certain of I will make sure my baby will start swimming lessons at a young age so he can enjoy all the water activities when we travel compared to momma whos afraid of everything weekspregnantthailandbangkoktraveltravelthailandbeautifuldestinationsinfinitypoolcityview pregnantbellytraveltheworldtravelphotographylivinginkoreaexpatinkoreathailandtravel,방콕,"['#thailand', '#bangkok', '#travelthailand', '#방콕여행', '#방콕', '#livinginkorea', '#thailandtravel']"
방콕 여행 매번 페닌슐 번,,[]
Bangkok trip Capella bangkokbangkok thailand capellabangkok mirrorselfie hotel tourist tourism man capella swimming 방콕 호텔 태국 카펠라 방콕 남자 코디 여름 해외여행 여행자 방콕여행 카펠라 Bangkok trip Capella bangkokbangkok thailand capellabangkok mirrorselfie hotel tourist tourism man capella swimming,,"['#bangkok', '#thailand', '#capellabangkok', '#방콕', '#호텔', '#태국', '#카펠라방콕', '#여행자', '#방콕여행']"
Bangkok in one post 올해 벌써 번 방콕여행 bangkok Bangkok in one post bangkok,"Bangkok, Thailand","['#방콕여행', '#bangkok']"
방콕 처 돌이 방콕여행 태국 방콕 방콕여행,,"['#태국', '#방콕', '#방콕여행']"
양치 수영,"방콕, 태국",[]
방콕여행 남친 준 나 편 하하 버블티 망고 행복 멀리 나 이번 여행 고생 많았쨔공쥬 사진 고 컬 로리 척 방콕여행,,['#방콕여행']
제 작 원 파타야 만난 전통 옥 카페 서울 메종 타이랜드 seoulmaison 파타야 커피숍 옥 느낌 카페 적 가요 해외 한국 커피숍 파타야 옥 카페 게다가 베이커리 및 음료 왜 진짜 블리밈 적극 추천 저 말씀 제 환불 정도 분위기 또 눈 앞 파타야 비치 서울 메종 주소 Beach Rd Pattaya City Bang Lamung District Chon Buri 태국 운영 시간 오전 오후 옥 kbbq pattaya 추천 음료 Honey comb toffee latte 달고나 커피 caramel macchiato 추천 베이커리 banoffee sweet corn cheese pie 파타야 여행 파타야 카페 파타야 커피 파타야 여행 플루 파타야 옥 카페 파타야 서울 메종 서울 메종 방콕 방콕여행 파타야 곳 pattayaseoulmaisonthailandseoulmaisonpattaya seoulmaison Beach Rd Pattaya City Bang Lamung District Chon Buri kbbq pattaya Honey comb toffee latte caramel macchiato banoffee sweet corn cheese pie pattayaseoulmaisonthailandseoulmaisonpattaya,Seoul Maison thailand,"['#제작지원파타야에서', '#서울메종타이랜드', '#seoulmaison파타야에', '#파타야여행', '#파타야한옥카페', '#파타야서울메종', '#방콕', '#방콕여행', '#파타야가볼만한곳', '#seoulmaisonthailand', '#seoulmaisonpattaya']"
burnbusaba F Central Ladpraooverall glutton rate dinewithpigs dwpxladprao burnbusaba burnbusaba F Central Ladpraooverall glutton rate dinewithpigs dwpxladprao burnbusaba,Central Ladprao,[]
aftertheraincoffeeandgallery 국적 너 낌 요즘 핫 방콕 카페 저 연자매 여행가 것 곳 편 제 남편 무조건 콜 스타일 생각 지금 한번 적 이 부분 부분 액션 남편 칭찬 After the rain coffee and gallery 방콕 차로 트랙 픽 영업 시간 월요일 휴무 음료 음식 배타 건 무료 배 바트 배 여기저기 계속 제 때 오전 대기 도 aftertheraincoffeeandgallery After the rain coffee and gallery,After the Rain Coffee&gallery,['#방콕카페']
환뚱 태국 넷째 날 파타야 돌고래 방콕 아시아 티크 소 핑 화 맘 에드 뱀 인형 무거 움 무에타이 바지 사고 태국 터키 아이스크림 먹음 오빠 나 마지막 밤 근처 로컬 음식점 배 또 밥 먹음 갠 쏨땀 여기 맥 개 더 알리페 GLN 도 대서 현금 먹음 워낙 물가 마지막 태국 자부 길 편의점 왜 다른 태국 편의점 토스트 류 실패 알 토스트 토스트 팬 줌 연유 브래드 에프 연유 태국 방문 누구 자신 태국 여행 파타야 여행 태국 편의점 쏨땀 방콕여행 어메이징 돌핀 쇼 아시아 티크 GLN,,"['#환뚱태국넷째날파타야에서', '#태국여행', '#파타야여행', '#태국편의점', '#방콕여행', '#아시아티크']"
소이 방콕여행 태국 전통의상 타이 체험 블링블링 취향 저격 왓아룬 사진 못 우리 방콕여행 처음 이자 마지막 관광지 왓아룬 나나 포토 스튜디오 예약 방문 가능 왓아룬 선착장 리바 룬 호텔 바로 앞 악세사리 의상 수 샵 방콕여행 타이 체험 아이 방콕여행 아이 태국 여행 아이 여행 태국 여행,왓 아룬,"['#소이네방콕여행', '#왓아룬', '#방콕여행', '#쑤타이체험', '#아이와방콕여행', '#아이와태국여행', '#태국여행']"
현생 이슈 수영 금지 차 금수현 불면증 잠 안 사진첩 정리 지난 봄 방콕 여행 때 해도 수치 광 육지 여행 반 호텔 수영 반 수치 광 버전 또 겨울 유사 톤 유사 톤 호텔 수영장,U Sathorn Bangkok,"['#금수현상', '#방콕', '#유사톤호텔수영장']"
계획 곳 힙 무엇 진짜 숨 수 곳 식물 인테리어 전시 취향 폰 고장 이슈 습기 사진 금보 이 당시 카페 불안 제대로 못 조금 보로 소방 콕 보로 소 여행 보로 소 카페 방콕 카페,Piccolo vicolo cafe',"['#보로소방콕', '#보로소여행', '#방콕카페']"
,Bangkok,[]
WWA 방콕 가면 꼭 편집 카페 자체 브랜드 츄 리스 빈티 의류 가구 소품 볼거리 요 기전 빈티 의류 이제 자체 브랜드 비율 츄 리스 층 매력 공간 추천 방콕 방콕여행 방콕 카페 wwa wwa 방콕 WWA wwa wwa,WWA Cafe X Chooseless,"['#방콕', '#방콕여행', '#방콕카페', '#wwa방콕']"
Day Day,방콕,[]
방콕 센트럴시티 위치 로컬 카페 숙소 근처 구글 평점 방문 아메리카노 유주 밀크 티 유주 커피 직원 추천 커피 태국 스타일 커피 새 콤 유주 유자 즙 밀크 티 생각 달 맛 커피 곳 로컬 커피 맛 오기 것 earthyroaster Earthy Dispensary Pratunam Phetchaburi Rd Makkasan Ratchathewi Bangkok 태국 태국 방콕 방콕여행 방콕여행 태국 방콕여행 방콕 맛집 추천 방콕 카페 방콕 커피 손 길동 태국 earthyroaster Earthy Dispensary Pratunam Phetchaburi Rd Makkasan Ratchathewi Bangkok,,"['#태국방콕', '#방콕여행', '#방콕여행', '#태국방콕여행', '#방콕맛집추천', '#방콕카페', '#방콕커피']"
방콕 파타야 첫날 요트 투어 원숭이 섬 스노 쿨링 노을 보고 넷 아주 재미나 원숭이 좀 방콕 운 번 뒤죽박죽 사진 영상,เกาะไผ่ Pattaya,[]
기록 가디 아속 호텔 가족 여행 방콕 방콕여행 방콕 맛집 방콕 카페 방콕 호텔 방콕 쇼핑 방콕 핫 마사지 마사지,"방콕, 태국","['#가디나아속호텔', '#방콕', '#방콕여행', '#방콕맛집', '#방콕카페', '#방콕호텔', '#방콕쇼핑', '#방콕핫플']"
다음 해외여행 어디 다음 생 여행 직업 여행가 살 방콕여행 태국 여행 왓아룬 뷰 호텔 왓아룬 사원 왓아룬 야경 왓아룬뷰 왓아룬 뷰 루프 탑 방콕 루프 탑바,방콕-왓아룬,"['#방콕여행', '#태국여행', '#왓아룬뷰호텔', '#왓아룬사원', '#왓아룬야경', '#왓아룬뷰루프탑', '#방콕루프탑바']"
핫 멋 사원 입장 사 입 냉장고바지 사진 잔뜩 일정 끝 아사 핑 전설 와중 깜짝 파티 친구 감동 핑 방콕여행 방콕 왕궁 대학 동기 여행 스타 그램,방콕,"['#방콕여행', '#방콕왕궁']"
dinner natkch delivery MVP hijiki mascarpone thb chicken liver mousse thb dip chips thb sour cream dips green oil chips chips slow cooked beef cheek in red wine sauce thb mashed potato spicy crab meat capellini with prawn bisque thb white miso carbonara cooked pumpkin mentaiko ikura thb matcha affogato thb basque cheesecake thb theagliostore Sukhumvit Petchaburi Road BTS Promphong MRT Petchaburioverall glutton rate dinewithpigs dwpxpetchaburi dwpxpromphong theagliostore dinner natkch delivery MVP hijiki mascarpone thb chicken liver mousse thb dip chips thb sour cream dips green oil chips chips slow cooked beef cheek in red wine sauce thb mashed potato spicy crab meat capellini with prawn bisque thb white miso carbonara cooked pumpkin mentaiko ikura thb matcha affogato thb basque cheesecake thb theagliostore Sukhumvit Petchaburi Road BTS Promphong MRT Petchaburioverall glutton rate dinewithpigs dwpxpetchaburi dwpxpromphong theagliostore,The Aglio Store,[]
방콕 콘래드 방콕여행 첫날 기록 개월 개월 비행 성공 박 콘래드 수영장 웰컴 인형 왜 씨 암 파 쇼핑몰 이름 태국 음식점 첫날 땡 모 반 팟타이 동남아 입맛 안이 덕 순항 중아 방콕여행 방콕여행 방콕 콘래드,,"['#아이랑방콕여행', '#방콕여행', '#방콕콘래드']"
짱 구 볼 경이 아이콘 시암 스타벅스 태국 여행 방콕여행 thailandbangkok 방콕 아이콘 시 암 아이콘 시암 iconsiam thailandbangkok iconsiam,ICONSIAM,"['#태국여행', '#방콕여행', '#thailand', '#bangkok', '#방콕아이콘시암']"
방콕 방콕여행 방콕 호텔 bangkok bangkok bangkok bangkok,Eastin Grand Hotel Sathorn,"['#방콕', '#방콕여행', '#방콕호텔', '#bangkok', '#bangkok']"
제주도 파타야 용 인피니트 풀 태국 여행 방콕여행 파타야 여행,The Zign Hotel Pattaya,"['#태국여행', '#방콕여행', '#파타야여행']"
