이름,주소,평점,위도,경도,리뷰,영업시간,카테고리,핫플레이스여부
Tanimachi Luxe Hotel,"8-8 Ikutamachō, Tennoji Ward, Osaka, 543-0071, Japan",3.9,34.665996,135.5135706,"Love Hotel District에 위치하고 있습니다.이것은 주위에 매달려있는 후커가 있다는 것을 의미하지는 않습니다.일본에서는 모든 것이 훨씬 미묘하고 예약되어 있으며 체재에 전혀 영향을 미치지 않습니다.그러나 외부의 거리가 밤낮으로 엔진이있는 엔진이있는 소녀의 운전자의 자동차로 흩어 질 준비를하십시오.다시 한 번 일본이므로 모든 위협이 아닙니다.보는 것은 호기심 일뿐입니다!호텔은 괜찮습니다.언젠가 그들은 아침을 먹었습니다.우리는 패턴을 알아낼 수 없었고 불행히도 직원의 영어는 일본어 한 마디 말을 할 수 있기 때문에 내 잘못을 제한했습니다!그래서 우리는 물어볼 수 없었습니다.그러나 그들은 매우 정중했다.다른 사람들이 객실은 작다고 말했듯이 서양 표준에 따라 책상이나 의자 등이 없습니다. 말 그대로 침대와 작은 공간이 있습니다.
Dotonbori에 가까운 훌륭한 위치.사랑스러운 직원, 예의 바르고 전문적이고 친절한 방은 뽀뽀했고 필요한 모든 편의 시설이 있습니다!, 사랑스러운 큰 욕조, 멋진 욕조, 편안한 거대한 침대가있었습니다..Japanosaka로 돌아올 때 확실히 다시 머물 것입니다.우리를 돕기 위해 여분의 마일을 갔고 우리의 요구가 충족되었는지 확인하고 우리가 일본에서 좋은 호텔로 스트레스가없는 시간을 보냈습니다.
그것은 Love Hotel 지역에 있지만, 일본인 때문에 개별적 인 성격으로 인해 눈에 띄지 않습니다.방은 깨끗하지만 약간 작습니다.한 사람에게는 좋지만 한 방에있는 2 사람은 딱 맞습니다.도움이되는 직원과 좋은 청소.욕실은 멋지고 넓습니다.
그것은 오사카 일본의 러브 호텔 지구에 위치한 호텔이 당신이 지불하는 돈의 가치가 있지만 객실은 비정상적으로 큰 욕실과 샤워 실이 약간 작습니다.나는 일본의 모든 객실이 아주 작아서 정말 큰 욕실과 샤워 실이 있다면 실제로 아주 좋습니다.직원은 정말 훌륭하고 시설은 발끝으로 진행됩니다.나는 이것을 머무를 곳으로 강력히 추천합니다.
매우 중앙에 위치하고 깨끗하며 소형 호텔.나는 일본 표준에서 객실이 너무 작지 않다고 생각합니다.Im 키가 큰 Big Westerner와 나와 내 아내가 4 개의 큰 수하물을 가진 아내는 OK에 맞습니다.
프론트 데스크 사람들은 매우 도움이되고 항상 웃고 있습니다.그들은 좋은 영어를 구사하므로 의사 소통 문제가 없습니다.객실 요금은 항상 저렴합니다.적극 권장됩니다.","월요일 : 24 시간을 엽니 다
화요일 : 24 시간 영업
수요일 : 24 시간을 엽니 다
목요일 : 24 시간 영업
금요일 : 24 시간 영업
토요일 : 24 시간을 열었습니다
일요일 : 24 시간 영업","하숙, point_of_interest, 설립",Yes
Dormy Inn Osaka Tanimachi,"2-chōme-1-9 Uchihonmachi, Chuo Ward, Osaka, 540-0026, Japan",4.3,34.6836052,135.5136917,"이것은 좋은 가격을위한 훌륭한 장소였습니다.그리고 당신이 사용할 수있는 온천도 있습니다.또한 음식은 훌륭합니다.
대부분의 경우 일본에서와 같이 문신은 큰 아니요입니다.개인 욕조가있는 료 칸에서 하나를 얻는다면 더 좋습니다.
속성은 멋지고 깨끗했습니다.낮에는 무료 요구르트 음료와 저녁에는 무료 소바 국수와 아이스크림과 같은 많은 편의 시설이있었습니다.저녁에 이것을 기다리는 사람들의 수에서 매우 인기있는 추가 측정.이 호텔의 무료 온센은 멋진 터치 였지만 매우 혼잡 할 수 있습니다.방은 깨끗하고 편안했습니다.가장 가까운 지하철로 상당히 걸을 수 있습니다.이 지역 주변의 멋진 식사 옵션.그들은 체크인하기 전에 수하물을 붙잡고 몇 시간 동안 체크 아웃합니다.오사카에있을 때 다시 머물 것입니다.좋은 경험.
매우 도움이되는 직원.헌신 한 이부키 토리 고 산에게 특별한 감사를드립니다.시설은 기대치, 본질적으로 스파, 무료 스낵 및 세척 건조기를 초과하고 있습니다.로비 지역의 무료 커피는 마실 수 없으며 FB 외부에서 즐길 수있는 일반적인 공간은 부가가치입니다.전반적으로 말하면, 근처 APA 호텔보다 훨씬 더 나은 곳입니다.확실히 다시 그들과 함께있을 것입니다.
4 월 말 3 박 동안 머물 렀습니다.하우스 키핑은 결코 우리 방을 서비스하지 않았습니다.그들은 새로운 수건 만 제공했지만 쓰레기통을 정리하기 위해 우리 방에 들어 가지 않았습니다.퍼블릭 욕조는 최상층 13에 위치하고 있으며 평균적으로 괜찮 았습니다.방과 침대의 청결은 괜찮 았지만 더 나을 수 있습니다.
큰 체류가 있었고 위치는 주요했습니다.그러나 가장 중요한 부분은 아침 식사 뷔페였습니다. 너무 좋았습니다.매일 아침 눈물을 흘렸다.또한 밤에 자유라면은 마약이었습니다",운영 시간이 없습니다,"하숙, point_of_interest, 설립",Yes
The Stay Osaka Shinsaibashi,"Japan, 〒542-0082 Osaka, Chuo Ward, Shimanouchi, 1-chōme−14−２９ THE STAY OSAKA 心斎橋",4.4,34.6733082,135.5077602,"나는 일본으로 여행하는 동안 호스텔에 머무르는 것을 두려워했지만 저렴한 비용 때문에 계속해서 스스로를 강요하기로 결정했습니다.우와!나는 더 감동 할 수 없었다.나는 내 여행 전체에 머물 수 있었다.직원은 친절하고 모든 것이 매우 깨끗하며 엄청나게 사적인 개인 저는 욕실에있는 사람을 거의 보지 못했습니다.공용 영역은 아름답고 실제로 긴장을 풀고 싶어합니다.많은 다른 여행자가 있으며, 모두 탁월한 경험입니다.또한 위치는 훌륭합니다.
나는 여기서 큰 숙박을했다.장소는 좋았고, 큰 주방으로 식사를 쉽게 요리 할 수있었습니다.직원들은 친절했고 항상 기꺼이 도와주었습니다.위치는 또한 Tomdori River Walk와 주요 시장까지 도보로 짧은 도보로 완벽했습니다.또한 지하철역은 불과 몇 분 거리에 도시를 돌아 다니는 것이 매우 편리했습니다.오사카를 방문하는 경우이 호스텔을 추천합니다!
이것은 호스텔에 머무르는 첫 번째 시간이었고 가장 좋은 경험이었습니다.직원들은 매우 친절하며 호스텔 자체는 다른 많은 고객들이 가족과 일본 현지인이기 때문에 매우 차가운 분위기를 가지고 있습니다.그것은 전혀 시끄럽지 않고, 나는 여성 기숙사에 머물렀고 항상 거기에서 매우 조용하고 존중했습니다.침대 자체는 편의 시설뿐만 아니라 매우 멋지고 깨끗하며 편안했습니다.Shinsaibashi와 Dotonbori의 도보 거리에있는 위치는 놀랍습니다.오사카에서 다음에 100이 다시 머무를 것입니다!
경험이 풍부한 여행자이며 신사이바시에서의 숙박은 뛰어난 여행자 호텔입니다.엄청나게 깨끗하고 효율적이며 편안하며 웰링.호텔은 비오는 날을 위해 빌릴 수있는 무료 우산, 우수한 샤워 제품과 같은 멋진 터치를 제공합니다.보안도 강력합니다.위치는 훌륭하고 가격은 조용하고 정중 한 손님 사이에서 경쟁이 치열하며 분위기입니다.
그들은 당신이 사용할 수있는 멋진 부엌을 가지고있었습니다.직원들은 정말 친절했고 우리는 이벤트에서 Takoyaki를 무료로 할 수있었습니다.기숙사에서 그것은 매우 조용했고 모든 손님은 존경했습니다.",운영 시간이 없습니다,"하숙, point_of_interest, 설립",Yes
Toyoko Inn Osaka Namba Nippombashi,"4-chōme-11-4 Nipponbashi, Naniwa Ward, Osaka, 556-0005, Japan",3.9,34.66004660000001,135.5055736,"영국에서 방문.Den Den Town 중심부에 위치한 환상적인 호텔.Namba 및 근처의 다른 관광지까지 도보로 짧은 도보.방은 조용했지만 가장 큰 것은 아니지만 일본에서는 깨끗하게 기대합니다.포함 된 아침 식사는 좋았습니다.우리의 기대를 완전히 능가했습니다.전반적 으로이 호텔은 환상적인 가치입니다.
오사카의 모든 것을 방문 할 수있는 꽤 좋고 아늑하고 훌륭한 위치 호텔.그것은 당신에게 지역에 머무르고 매일 아침 평범한 사람들의 삶을 볼 수있는 기회를 줄 것입니다.객실은 작지만 두 사람과 4 개의 배낭이 바로 맞아야합니다. 직원은 도움이되고 아침 식사는 충분합니다. 예, 이것은 일본 여행을 시작하기에 완벽한 호텔이었습니다.
가장 가까운 두 개의 열차 라인 사이에 어색하게 위치하지만 전혀 나쁜 산책은 아닙니다.그러나 나는 3 일 동안 여기에 머무는 동안 아무런 문제가 없었습니다.나는 하루 일찍 확인해야했고 프론트 데스크는 매우 수용 적이었고 그것을 번거 로움 과정으로 만들었습니다.
매우 친절한 직원.좋은 위치.합리적인 크기의 객실.
우리는 항상 Toyokoyinn에 머물지 만 이번에는 가장 무례한 리셉션입니다.",운영 시간이 없습니다,"하숙, point_of_interest, 설립",Yes
Dormy Inn Premium Namba Annex,"2-chōme-1-6 Higashishinsaibashi, Chuo Ward, Osaka, 542-0083, Japan",4.4,34.6712535,135.5060404,"나는 보통 더 많은 고급 숙박 시설을 선호하지만 여기서 우리의 Twonight Stay를 즐겼습니다.단순성에도 불구하고 호텔은 편안한 경험을 제공하며 하이라이트는 확실히 무료 스파였습니다.그것을 놓치지 마세요.
작은면에서는 훌륭한 서비스, 멋진 깨끗한 객실이지만 일본에 예상됩니다.이 지역에는 작은 식당이 가득 차 있으며, 도톤 보리와 매우 가까운 소수의 지하철역까지 도보 거리에 있습니다.
보자
1. 프론트 데스크에서 주문 택시 서비스 없음 밖으로 나가서 캐시 할 수 있다고 말했습니다.
2. 수하물 배달 서비스 없음
3. 침대는 재앙이 매우 힘들고 우리가 추가 요청을했을 때 편안하지 않습니다.
그들이 우리에게 매우 얇은 사람을 주었다
4. 베개는 3D 프린트 또는 그와 비슷한 것도 매우 거칠고 얇습니다.
5. 우리는 McDonalds를 주문하여 배달원이 내가 내려 가야 할 방으로 올라 오지 못하게했습니다.
6. 방은 먼지가 많기 때문에 우리는 더 이상 확인하고 더 이상 나를 위해 다른 곳을 찾을 것입니다. 그래서 나는 매우 실망했습니다.
그것은 일본에서 멋진 큰 침대가있는 더 큰 방 중 하나였습니다.유일한 것은 방이 방에 목욕을하지 않았다는 것이었다.그러나 13 층의 온천은 그것을 보충하는 것보다 더 많이 올라갑니다.직원들은 매우 친절했습니다.우리는 확실히 다시 여기에 머물 것입니다.위치는 여러 형태의 대중 교통에 가깝습니다.모든 용품을 위해 호텔 바로 옆에있는 Convilience Store.또한 주요 음식 및 근처의 사진 기회에 가깝습니다.무료 세탁기를 떠날 때 Icypoles와 음료와 함께 온천을 무료로 사용합니다.다음에 멋진 호텔을 뵙겠습니다.작은 방, 깨끗합니다.호텔에는 좋은 편의 시설과 서비스가 있습니다.취침 전에 도시 호텔과 무료 국수를위한 좋은 온천.아주 작은 방을 제외하고는 머무를 수있는 훌륭한 장소입니다.",운영 시간이 없습니다,"하숙, point_of_interest, 설립",Yes
White Hostel Shinsaibashi,"1-chōme-6-20 Higashishinsaibashi, Chuo Ward, Osaka, 542-0083, Japan",4.3,34.6722983,135.5046071,"나는 여행이나 일하기에 관련이없는 이유로 White Hostel에 와서 나와 같은 누군가가 잠시 동안 머물기로 결정한 것으로 밝혀졌습니다.처음에 나는 호스텔의 단순성에 대한 호스텔의 디자인에 깊은 인상을 받았지만 편리하고 깨끗하고 효율적으로 느껴졌습니다.특정 시간에 입장을위한 암호와 같은 몇 가지 불편한 것이 있지만 엘리베이터.그러나 개인적으로 나는 모든 손님이 함께 할 수 있도록 매우 중심적인 위치와 독립적 인 환경을 가진 잠시 동안 머무를 필요가있는 모든 사람들에게 정말 좋은 선택이라고 생각합니다.
마지막으로, White Hostel은 직원들이 다른 언어를 구사할 수 있기 때문에 더 많은 호흡 공간을 제공합니다. ""규칙""전통의 작업 스타일이 아니기 때문에 Hostellover는 내가 생각하는 이런 장소를 좋아할 것입니다.
정말 좋은 위치, 편의점, 레스토랑 및 지하철에 가깝습니다.나에게 인상은 사람들을 만나기에 좋은 곳이 아니라는 것이었다.모두가 자신의 일을하고 있습니다.객실은 괜찮 았고 욕실과 샤워가 놀랍습니다
위치는 완벽했고 직원들은 정말 친절하고 도움이되었습니다.내가 가진 유일한 문제는 내가 침대에서 뜨거웠고 룸메이트 2 명은 한밤중에 싸움을 가졌다는 것이었다.
완벽한!모든 것이 매우 깨끗하고 편안했습니다.비록 우리는 호스텔에서 저에게 처음이었던 우리 자신의 침대를 만들어야했습니다.좋은 위치
이 호스텔과 관련된 모든 것은 매우 시원했습니다.이 호스텔은 내 오사카 여행을 완전히 마술처럼 만들었습니다.그들의 프론트 데스크 남자는 매우 훌륭하고 친절합니다.식당에 앉아 먹거나 일할 수 있습니다.또한 무료 커피 등이 있습니다. 인터넷 연결은 매우 빠릅니다.위치는 Dotonbri와 America Nura에서 5 분입니다.내 다음 여행 여행을 위해 예약 할 것입니다!!","월요일 : 24 시간을 엽니 다
화요일 : 24 시간 영업
수요일 : 24 시간을 엽니 다
목요일 : 24 시간 영업
금요일 : 24 시간 영업
토요일 : 24 시간을 열었습니다
일요일 : 24 시간 영업","하숙, point_of_interest, 설립",Yes
Hotel Wan Osaka ebisu,"1-chōme-4-4 Ebisunishi, Naniwa Ward, Osaka, 556-0003, Japan",4.8,34.6549878,135.5038306,"내 남자 친구와 5 박을 머물 렀습니다.호텔은 지하철까지 도보 거리 2 분 거리에 있습니다.
7elven은 길 건너편에 있습니다.그리고 많은 팝업 상점과 카페 및 지역 사람들이 주도하는 기타 식사 기회.
우리가 만난 모든 사람은 매우 친절하고 도움이되므로 오사카를 경험하고 싶다면 좋은 영역입니다!
직원들은 매우 친절하고 우리가 나가서 우리가 길을 바라 보면 돌아올 때 우리를 맞이합니다.
방에는 작은 냉장고, 음료와 음식을위한 충분한 공간이 있습니다.그리고 에어컨, 신의 감사합니다.그것은 완벽하게 작동합니다.욕실은 작다는 것은 유일한 마이너스입니다.절대적으로 머무를 가치가있는 호텔.
멋진 서비스가있는 멋진 장소!Lin 씨는 체크인 중에 매우 도움이되었습니다.방은 깨끗했고 이상한 냄새가 없었습니다.또한, 근처에는 늦게 열린 슈퍼마켓이 있습니다. 환상적입니다.나는 확실히 돌아올 것이다!
나는 12 일 동안 호텔에 머물렀다.가장 편안한 숙박이었습니다.직원들은 Miura에 대해 훌륭하고 특별한 언급이며, 내가 확인한 시점부터 친절했고 필요한 거의 모든 것을 도와 줄 것입니다.나는 잠옷을 좋아하고 내 자신의 잠옷을 가져 왔지만 그들의 환상적이기 때문에 사용하지 않았습니다.호텔은 편의점, 작은 마트 및 2 개의 기차역에 가깝습니다.오사카스 열차 시스템을 탐색하는 방법을 배우면 관광지에서 몇 분 거리에 있습니다.내가 Novdec으로 돌아올 때 나는 그들과 함께 다시 머물 것입니다.필리핀 인에게 Miura는 필리핀 과이 호텔에 머무르는 선물 중 하나를 말합니다.
여기에 머무르는 것은 매우 운이 좋다.방은 작지만 깨끗하고 잘 관리되어 있습니다.위치는 매우 전략적입니다.또한 Shih Hotel 직원은 정말 도움이됩니다.감사합니다
훌륭한 위치, 매우 깨끗한 호텔 및 객실, 귀여운 공유 지역, 모든 것이 새롭고 친절하며 도움이되는 직원, 특히 Miura입니다!또한 수하물의 일부 자전거를 사용할 수있는 규모가 있습니다.
감사합니다, 우리는 다음에 오사카에 올 때 확실히 돌아올 것입니다!",운영 시간이 없습니다,"하숙, point_of_interest, 설립",Yes
Hotel Sanrriott Osaka Honmachi,"1-chōme-9-13 Bakurōmachi, Chuo Ward, Osaka, 541-0059, Japan",4.3,34.6785385,135.5066507,"바쁜 교차점 옆에 있었지만 소음은 잘 포함되어있었습니다.
일본의 전형적인 것은 방은 작지만 편안한 것 같습니다.
아침 식사시 채식 옵션은 매우 제한적이었습니다.
가까이 있지만 고맙게도 도시의도 톰 보리 지역에 너무 가깝지는 않습니다.
좋은 위치.객실은 촬영 된대로 빡빡하지만 기능적입니다.방은 매일 청소되지 않습니다. 5 박 숙박을 위해 1 번의 청소에 가입 할 자격이있었습니다.많은 사람들이 언급하지는 않았지만 침대는 매우 힘들었습니다.나는 집에서 매우 단단한 침대를 가지고 있지만 이것은 다음 단계였습니다.부드러운 침대가 필요한 경우 경고하십시오.내가 밤에 10k 엔 이상을 너무 많이 지불하지 않았다면 나는 별들과 더 관대 할 것이지만 가격은 예산보다 조금 더 예산을 느꼈습니다.나는 머무는 동안 아무런 문제가 없다. 내가 좋은 거래를했다면 아마 다시 머물 것입니다.
오사카에서 잠을 잘 수있는 큰 가치.객실은 작지만 깨끗하고 잠을 잘 수 있습니다. 위치는 오사카 주변을 쉽게 이동할 수있는 다른 라인의 두 기차역 사이에서 매우 좋습니다.2 층 WIRH 보완 스낵의 멋진 작은 라운지!
기본적으로 최악의 고객 서비스.직원은 당신이 즐거운 숙박을하고 관리자가 백 오피스에 숨어 있고 직면하지 않도록하는 것에 대해 전혀 신경 쓰지 않습니다.
우리는 완전히 기울어 진 침대가있는 방에 체크인했으며, 스프링스는 침대의 절반에 지원되지 않았습니다.리셉션에 말했고 그들은 모든 매트리스가 동일하다고 말했습니다.나는 그들을 만나러 오게했고 소년은 그것이 부러 졌다는 데 동의했고, 그때만 그의 감독자와 대화를 나 had습니다.그런 다음 그들은 우리를 전혀 사과하지 않은 다른 방으로 옮기기로 동의했습니다..그들이 우리를 옮긴 방은 눈에 띄게 작았으며, 온라인으로 이용 가능 여부에도 불구하고 다른 모든 방에서 예약했다고 말한 이유를 물었고 작은 방이나 부러진 침대를 선택했습니다.저는 호주에서 호텔 관리자로 일하고 있으며 직원이 이와 같은 고객과 대화를 나누면 사망 할 것입니다.
우리는 또 다른 매우 불편한 매트리스와 끔찍한 베개와 함께 방의 슈 박스로 이동했습니다.
자신의 쓰레기를 꺼내고 자신의 수건을 바꾸고 7 박 중에 침대 시트를 한 번만 바꾸도록 제공되는 호텔에 대한 비용을 지불 해야하는 말도 안됩니다.
서비스는 훌륭했고, 방은 매우 편안하고 깨끗했으며, 위치는 기차역 앞에 있기 때문에 완벽합니다.플러스는 Netflix를 가지고 있으며 3 일 이상 머무르는 경우를 포함하여 하나의 서비스 청소가 있습니다!!",운영 시간이 없습니다,"하숙, point_of_interest, 설립",Yes
BON Hostel,"3-chōme-1-3 Shikitsuhigashi, Naniwa Ward, Osaka, 556-0012, Japan",4,34.6562048,135.5018354,"슈퍼 가치가있는 곳은 훌륭하고 아늑합니다.직원들은 친절하고 영어를 구사합니다.지하철 열차 트랙 이이 체류 바로 위에 있기 때문에 낮에는 낮에 낮잠을자는 요일에 그 자리에 머물지 않는다고 말하고 싶습니다.객실과 욕실은 잘 관리되어 있습니다.적어도 식수를 제공 할 수 있습니다.이 장소에 도착하기 전에 편의점에서 물병을 받으세요
화장실과 욕실은 매우 깨끗합니다.침대는 편안합니다.나는 그들이 내가 더 낮은 침대를 가질 수있게 해주셔서 정말 감사합니다.나는 그것이 철도 바로 아래에 있다는 것을 알았을 때 충격을 받았기 때문에 기차가 지나갈 때마다 소리와 진동을 느낄 수 있습니다.그러나 나는 상관없이 아주 좋은 수면을 취합니다.남성 접수 원도 훌륭하고 도움이됩니다.그러나 나는 이메일에 오후 2시에 왔기 때문에 여성 접수 원 중 하나에 감사하지 않습니다.나는 종을 여러 번 밀고 아무도 오지 않았습니다.몇 분 후, 화난 톤을 가진 여성이 체크인이 오후 4시이고 일찍 체크인을하고 싶다면 1,000 엔을 지불해야한다고 말했다.오류가되어야한다고 말했습니다.나는 그녀의 말하기에 너무 무례하다고 느꼈다.나는 그녀가 더 많은 훈련을 받아야한다고 생각합니다!최근 일본 의이 호스텔에서의 나의 체류는 전반적으로 유쾌한 경험이었습니다.직원들은 내 시간 내내 환영하고 효율적인 서비스를 제공했습니다.내가 머물렀던 기숙사 방은 깨끗하고 아늑했으며, 좋은 밤의 휴식을위한 편안한 분위기를 제공합니다.나는 특히 대중 교통 옵션 근처와 다양한 명소의 도보 거리 내에 편리하게 위치한 호스텔의 위치를 ​​즐겼습니다.이로 인해 도시를 탐험하고 번거 로움없이 지역 문화에 몰입하기가 쉽습니다.시설이 잘 정비되었지만, 특히 성수기에는 공동 지역이 때때로 약간 혼잡해질 수 있다는 것을 알았습니다.그러나 이것은 호스텔의 전반적인 즐거움을 크게 떨어 뜨리지 않았습니다.전반적으로, 나는이 호스텔을 편리한 위치에서 예산이 우호적 인 숙박 시설을 찾는 동료 여행자들에게 추천합니다.럭셔리 호텔의 모든 종과 휘파람이 없을 수도 있지만 일본에서 편안하고 즐거운 숙박을 위해 필요한 모든 것을 제공합니다.
당신은 당신이 지불 한 것을 얻습니다.나는이 호스텔을 추천하고 다시 여기에 머물 것이지만 메모와 함께있을 것입니다.호스텔은 모두가 언급했듯이 기차 트랙 바로 아래에 있습니다.로비 라운지 경험은 바위가 많은 진동으로 매우 큰 소리로 크게 들릴 수 있습니다.그러나 방은 나에게 괜찮 았고 크고 바위가 아니었다.다시 말하지만, 모든 사람들의 표준은 다르고 나는 흰색 소리를 좋아하기 때문에 괜찮 았습니다.지적해야 할 또 다른 것.당신은 자신의 침대를 만듭니다.그들은 당신에게 시트 만 제공하고 당신은 그것을 직접 설정해야합니다.이 위치는 실제로 중앙에 있으며 Namba에서 떨어진 한 스테이션은 Dotonbori Glico Sign, Kuromon Market 및 쇼핑몰과 가장 가까운 스테이션입니다.몇 개의 스테이션에 가깝습니다.또한 비교적 Konbinis와 Restaurants Yoshinoya가 있습니다.나는 가격에 대해, 내가 얻는 위치는 그것을 가치가 있다고 생각합니다.직원들은 친절했습니다.장소는 깨끗했습니다.라운지는 아늑했고 일본어로 보드 게임을 받았습니다.결제 후 가방을 넣을 수 있습니다.
소음을 제외한 완벽한 호스텔.지하철 트랙과 기차 바로 밑에 위치한 51230 년부터 열차가 있습니다. 믿을 수 없을 정도로 시끄 럽습니다.불행히도 그 때문에이 장소를 추천하지 않을 것입니다.친절하게 제공된 이어 플러그는 전체 장소가 진동하고 흔들므로 도움이되지 않았습니다.",운영 시간이 없습니다,"하숙, point_of_interest, 설립",Yes
Hotel Taiyo,"1-chōme-2-23 Taishi, Nishinari Ward, Osaka, 557-0002, Japan",3.8,34.6483624,135.5047718,"글쎄, 가격대가 자리 잡고 있습니다.그러나 여기 당신이 얻는 것입니다.사진을 참조하십시오.나는 욕실이나 화장실을 믿지 않을 것입니다.가격대가 약간 높은 다른 곳은 더 깨끗한 시설이 있습니다.흡연 방은 여전히 ​​연기 냄새가납니다.
장소를 사랑하십시오.모든 사람들을 환영하지만 더 많은 학생들이 숙박 시설을 숙이고 있습니다.그것은 욕실, 스파, 주방 등을 공유했습니다. 방을 제외한 모든 것이 공유됩니다.여전히 가격으로 그것을 좋아했습니다.여기에 멋진 것은 없습니다.우리는 대부분 외출했고 방금 잠들었고 다음날 밖으로 나갔습니다.공용 주방에서도 요리 할 수 ​​있습니다.오사카에있을 때 확실히 돌아올 것입니다.
JR 및 지하철에 가까운 좋은 위치.
친절하고 도움이되는 직원, 주방과 공용 공간을 갖는 것이 좋습니다.
우리가 가진 방은 2 개의 침대 서부 스타일이었습니다.
스파는 청소 해 보였다.2 층의 샤워 실은 매우 쾌적하고 깨끗했습니다!Schampoo Body Lotion 등. 심지어 Laundry Service 100을 40 분 동안 사용했습니다.
도움이되는 직원은 12 박 동안 머물 것을 권장합니다.우리가 여기에 머물렀을 때 매우 조용합니다.
30 분을 걷는 것을 좋아한다면 주요 명소까지 도보 거리
방은 괜찮아 보이지만 화장실은 없지만 같은 층 외부에 있습니다.샤워는 체크인 카운터 근처의 1 층에서 이용할 수 있습니다.뜨거운 차가운 식수 로비 지역에서는 미니 레스토랑이 있습니다.리프트와 벽으로도 번역기를 볼 수 있습니다.합리적인 예산 호텔과 함께 머무를 가치가 있습니다
직원들은 사랑스럽고 매우 도움이되었지만이 장소에 1 성급을주는 유일한 것입니다.호텔은 매우 닳았습니다.당신이 지불 한 것을 확실히 얻습니다.욕실은 바닥에 오줌을 싸고 냄새가 나고 샤워는 곰팡이가 많으며 우리 방에는 먼지와 흙이 너무 많았습니다.실제 침대는 너무 나빴지 만 방은 끔찍하고 베개는 콩 주머니였습니다.벽은 종이가 얇아서 복도와 인접한 방의 모든 것을들을 수 있습니다.마지막으로 Wi -Fi는 전혀 작동하지 않습니다. 이는 셀 계획이없는 여행자에게는 까다로울 수 있습니다.",운영 시간이 없습니다,"하숙, point_of_interest, 설립",Yes
Tennoji Lagoon Hotel,"Tennoji Lagoon Hotel, 1-23 Chausuyamachō, Tennoji Ward, Osaka, 543-0063, Japan",3.4,34.6504071,135.5131777,"2023 년 2 월 중순에 4 박 숙박은 즐거운 놀라움으로 판명되었습니다.우리는 많은 돈을 지불하지 않았으므로 너무 많이 기대하지 않았습니다.위치는 Tennoji 역에서 도보로 약 10 분 거리 인 Google지도에서 볼 수있는 방법과 같습니다.건물은 외부에서 평범한 것처럼 보였습니다.프론트 데스크는 단지 작고 어둡습니다.그러나 리셉션 직원은 친절하고 매우 도움이되었습니다.그들은 외국 여행자와 편안하게 대화 할 수있었습니다.그들은 항상 내 방 번호를 기억했습니다. 나는 우리가 머무는 동안 한 번 그들에게 한 번 말할 필요가 없었습니다.호텔은 원래 주거 단위로 지어 졌을 것입니다.따라서 방은 놀랍게도 넓었습니다.당신의 열린 여행 가방은 단순히 당신의 방해가되지 않을 것이며 당신은 한밤중에 여행하지 않을 것입니다.욕실 유닛은 당신의 수면 공간과는 별개였으며, 우리는 많이 좋아했습니다.호텔 방보다 아늑한 일본 아파트 유닛처럼 느껴졌습니다.방 안에는 독립형 무선 유닛이 있었는데 요즘 드물게 드 rare니다.오디오는 훌륭하게 설정되었으므로 품질은 단순히 우수했습니다.또한 하우스 키핑은 우리가 머무는 동안 좋은 일을 한 것처럼 보였다.그것은 단순히 돈에 대한 가치가 있으며, 우리는 다음에 오사카를 방문 할 때 확실히 돌아올 것입니다.
우리는 아름다운 일본 스타일의 큰 방을 가졌으며, 테노 지 역과 지하철까지 도보로 몇 분 거리에있었습니다.
여러 쇼핑 거리를 사용하여 오사카 타워를 통해 도토 도리까지 멋진 산책을 할 수도 있습니다.많은 대기 사원과 신사가 북쪽에 있습니다.
공항에서 다가오는 것도 완벽합니다!
테노 지 역에 가까운 중간 편안한 호텔입니다.객실에는 샴푸, 컨디셔너, 액체 비누, 슬리퍼, 헤어 드라이어 및 주전자와 같은 필요한 편의 시설이 있습니다.무료 Wi -Fi가 있습니다.체크인은 오후 300시에 시작하며 결제는 오전 1000 분까지 수행해야합니다.호텔에는 청결에 문제가 있으며 일부 시설에는 약간의 유지 보수가 필요한 것 같습니다.일일 가격의 경우이 지역에는 동일한 수준의 옵션이 있습니다.
멋진
기능적",운영 시간이 없습니다,"하숙, point_of_interest, 설립",Yes
hotel atarayo osaka,"Japan, 〒541-0058 Osaka, Chuo Ward, Minamikyūhōjimachi, 3-chōme−2−８ Hotel atarayo Osaka 1F",4.3,34.6789252,135.5029694,"나는 숙녀 전용 층의 작은 싱글 룸 인 방 유형 L과 함께 3 박 동안 머물 렀으며 내 경험은 훌륭했습니다.객실과 호텔은 깨끗하고 여러 레스토랑이있는 좋은 위치에 있으며 기차역까지 도보로 7 분 거리에 있습니다.욕실, 화장실 및 공동 공간 전체는 매우 깨끗하고 깔끔합니다.나는 또한 컬링 아이언을 제공 한 여성들을위한 메이크업 공간을 좋아합니다!!나는 그것들을 전혀 사용하는 데 아무런 문제가 없었으며 심지어 샤워 실에 세면 도구도 제공했습니다!직원들은 환영하고 도움이되었으며 체크 아웃 후에 수하물을 넣을 수 있습니다.방 자체는 작지만 관리하기 쉽고 내 거대한 23kg 수하물을 안에 넣을 수 있으며 깔끔한 경우 공간을 잘 관리 할 수 ​​있습니다.저렴한 가격으로 정말 아늑하고 편안합니다.완전히 그만한 가치가 있고 나는 확실히 돌아올 것입니다!나를 귀찮게하는 유일한 것은 내 방의 와이파이 연결이 약하고 온도는 방에서 약간 뜨거워 지지만 완전히 괜찮습니다.
솔직히 요리사의 키스.나는 당신의 캡슐 내부에 큰 사물함과 다른 사물함을 좋아합니다.파우더 룸이 있고 손을위한 세척실이 있습니다.샤워 실은 약간 빡빡 할 수 있으며 꽉 조이는 곳에 공포증이있는 사람이 아니지만 모든 것이 깨끗합니다!캡슐은 충분히 넓고 글을 쓰고 내부에 작은 테이블을 좋아합니다.나는 감동했다..너무 슬프다.확실히 돌아올 것입니다.
캡슐에는 나 자신과 수하물을위한 충분한 공간이있었습니다.침대는 편안했고 그 지역은 일반적으로 밤에는 조용합니다.직원은 좋은 영어를 구사하고 매우 친절합니다.신발을 벗고 1 층의 사물함에 두어야합니다.위치는 매우 관광지의 Dotonbori까지 걸어 갈 수 있으며 호스텔 외부에는 711과 같은 20 단계가 있습니다.동전 세탁소, 냉장고 및 전자 레인지와 같은 편의 시설을 사용할 수 있습니다.전반적으로 꽤 좋습니다.
깨끗한 방, 현대적인 미적, 매우 편안한!파자마, 슬리퍼 및 수건이 체크인시 제공되었습니다.위치는 Namba 역까지가는 쇼핑 거리 바로 옆에 꽤 좋으며 두 개의 지하철역에서 도보로 5 분 안에 있습니다.나는 밤에 약 5k 엔을 지불했는데, 이것은 매우 합리적입니다.
지금까지 나는 지금까지 머물렀다.비록 나는 너무 나이가 들었고 겸손한 캡슐 호텔에는 예산이 너무 높습니다.나는 이것이 지금까지 최고라고 생각합니다.장미는 반짝 반짝 빛납니다.여행 가방에 캐리를 열 수있는 충분한 공간.공기 청정기가 많이있었습니다.대기 질에 적합하고 소음도 익사합니다.많은 샤워 화장실.사물함 괜찮아.직원이 좋습니다.부엌 좋은.냉장고를 공유했습니다.신사이 바시까지 걸을 수있는 위치.식당이 충분하고 실제로 쓰고 싶은 곳에 위치하고 있습니다.단점은 지하철에서 멀리 떨어져 있습니다.결론
매우 만족 스럽습니다.더 이상 감당할 수 있기 때문에 더 이상 캡슐 호텔에 머무를 필요가 없기 때문에 의도적으로 머무를 수있는 사람은 거의 없으며, 지금은 그 중 하나입니다.","월요일 : 24 시간을 엽니 다
화요일 : 24 시간 영업
수요일 : 24 시간을 엽니 다
목요일 : 24 시간 영업
금요일 : 24 시간 영업
토요일 : 24 시간을 열었습니다
일요일 : 24 시간 영업","하숙, point_of_interest, 설립",Yes
Kaneyoshi Ryokan,"3-12 Souemonchō, Chuo Ward, Osaka, 542-0084, Japan",4.3,34.66926,135.505474,"관광 거리의 훌륭한 위치이므로 밖에서 저녁에는 약간 시끄러울 수 있습니다.
서비스는 예외적이며 필요한 모든 것이 방 안에 있습니다.직원들은 매우 친절합니다!프론트 데스크는 오전 1 시까 지 작동합니다.호텔 근처의 바 및 상점과 같은 훌륭한 장소가 많이 있습니다.지하철 옆에서 약 40 분 안에 오세 사카와 오사카 성과 같은 오사카의 대부분의 관광지에 도착할 수 있습니다.서양식과 일본식 객실과 개인 욕조가 있습니다.전반적으로, 오사카로 여행하는 동안 머물기에 좋은 곳입니다.
좋은 경험이 아닙니다.솔직히 말해서, 위치는 좋고, 방은 괜찮습니다. 서비스는 도시 세금 및 수하물 수수료에 대해 현금을 지불해야한다고 들었습니다.우리는 현금이 충분하지 않으며 실제로는 200 엔만 더 필요합니다.그들은 여전히 ​​우리 에게이 200 엔 2 달러를 철회 해달라고 요청했습니다.오후 5시 이전에 수하물이 무료이기 전에 오후 6 시경에 수하물을 집어 들었습니다.우리는 1000 엔을 지불해도 괜찮 았지만, 그들이 200 엔을 포기하는 것을 거부하고 그들을 위해 현금을 인출 할 장소를 찾아달라고 요청 했는가?운 좋게도 우리에게는 미국 달러가 있습니다.Money Exchange 기계를 찾는 데 1.5 시간이 걸렸습니다.오사카는 우리의 마지막 정거장이므로 우리는 가지고 있지 않으며 우리와 함께 현금이 너무 많아서는 안됩니다. 왜 우리가 카드로 지불 할 수 없는지 모르겠습니까?또한, 그들은 로비에서 수하물을 열 수 없습니다.수하물에 넣어야 할 품목이 거의 없다면 공항에 도착할 때까지 그렇게 할 수 있다고 기대하지 마십시오.호텔은 로비에서 수하물을 다시 포장 할 수 없습니다.규칙은 매우 엄격하고 친절하지 않습니다
유쾌한 Ryokan은 Dotonbori의 아름다운 전망을 가지고 있습니다.주인은 믿을 수 없을 정도로 친절하고 유익했기 때문에 우리가 집에서 바로 느끼게했습니다.Ryokan은 매우 깨끗했고 제공된 자유수는 멋진 터치였습니다.그것을 끝내기 위해, 최상층에 온센이있어 편안한 경험에 추가되었습니다.이 체류는 오사카에서 평화 롭고 진정한 체류를 원하는 사람에게 모든 권장되는 모든 권장에서 우리의 기대를 뛰어 넘었습니다.
방은 깨끗하고 잘 유지되었습니다.우리는 Dotonbori의 강이 내려다 보이는 4 층의 훌륭한 위치에 있었고, 많은 활동, 조명 및 소음이있었습니다.그러나 정전 커튼은 수면을 위해이를 차단하는 데 매우 도움이되었습니다.베개는 매우 힘들었으므로 잘 자지 않았습니다.방에는 작은 바 냉장고, 주전자 및 아주 좋은 히터가있었습니다.객실에는 또한 깨끗하고 현대적인 욕실이 있었는데이 위치에서는 드 rare니다.호텔에는 리프트와 계단이 있었으므로 접근이 쉬웠습니다.담수는 모든 층의 디스펜서에서 구입할 수있었습니다.우리는 더 나은 베개와 더 나은 가격의 가격에 다시 머무를 것입니다.
특히 가격과 위치에 머물기에 좋은 곳.우리는 매우 편안한 일본의 방을 가지고 있었고 운하를 볼 수있었습니다.직원은 매우 친절하고 도움이됩니다.다시 머물 것입니다.","월요일 : 12:00 - 오전 10시, 오후 3시 - 오전 12:00
화요일 : 12:00 - 오전 10시, 오후 3시 - 오전 12:00
수요일 : 12:00 - 오전 10시, 오후 3시 - 오전 12:00
목요일 : 12:00 - 오전 10시, 오후 3시 - 오전 12:00
금요일 : 12:00 - 오전 10시, 오후 3시 - 오전 12:00
토요일 : 12:00 - 오전 10시, 오후 3시 - 오전 12:00
일요일 : 12:00 - 오전 10시, 오후 3시 - 오전 12:00","하숙, point_of_interest, 설립",Yes
Hotel Sunplaza II Annex,"1-chōme-2-11 Haginochaya, Nishinari Ward, Osaka, 557-0004, Japan",3.6,34.6496869,135.5017752,"객실은 자신을 위해 개인이라는 점을 감안할 때 저렴합니다.하지만 벽?너무 얇습니다.당신은 복도에서 문자 그대로 모든 사람들, 또한 이웃을들을 수 있습니다.또한 철도 바로 옆에있어서 전체 시간이 시끄 럽습니다.호텔은 귀마개를 제공하지만 많은 도움이되지 않았습니다.나조차도 매우 쉽게 잠을 잘 수있는 사람이기 때문에 여행 내내 불안감을 느끼게하는 것이 어렵다는 것을 알았습니다.당신이 바닥에서 자고있는 일본의 수면 스타일을 선택하면 방에는 나무 매트 냄새가 가득합니다.참고로, 나는 다음 시간에 더 많은 시간을 보내고 더 좋은 곳에 머무를 것입니다.좋은 일입니다
입수 가능한
개인 실
좋은 위치
전체 거리 많은 호텔도 같은 그룹입니다.기차역과 매우 가깝습니다.나쁜 것은 매우 시끄럽고 때로는 사람들이 담배를 피우는 경우가 있습니다.공정한 깨끗함.
매우 저렴한 이웃은 일본 표준을 약간 스케치하는 것이지만 걱정할 필요는 없지만 일본의 많은 노숙자들을 만나는 데 익숙하지 않았습니다.객실은 매우 작고 이불은 매우 얇으며, 남성이 사용할 수있는 8 층에는 단 하나의 샤워 실이 있다는 것을 알고 있습니다. 그렇지 않으면 옆집 호텔에 가야합니다.여성 손님에게는 소나기가 몇 개 더 많지만 그럼에도 불구하고 큰 호텔에는 거의없는 것 같습니다.
예산 호텔 및 가격과 일치하는 객실.그러나 호텔 직원은 매우 친절합니다.우리 아이는 여기에서 그것을 좋아하고 리셉션에 친절한 로봇이 있습니다.
방은 2 명에게 가장 잘 맞습니다.모든 층에 일반적인 화장실이 있습니다.내가 사용한 샤워 실은 너무 작았습니다.프론트 데스크는 오후 10시에 마감되지만 접수 원은 우리와 영어로 전달되었습니다.건물에는 엘리베이터가 있습니다.머리카락을 샤워하고 싶다면 수건을 가져오고 싶을 수도 있습니다.소음으로 잠을 잘 수 없다면이 장소를 선택하지 마십시오.그것은 도로 옆에 있으며 우리가 가진 방은 확실히 방음되지 않았습니다.나는 우리 가이 장소에 대해 많은 돈을 지불했다고 생각하지 않으므로, 당신은 당신이 지불 한 것을 얻는 것 같습니다.",운영 시간이 없습니다,"하숙, point_of_interest, 설립",Yes
GRANBELL HOTEL OSAKA,"2-chōme-6-7 Kitakyūhōjimachi, Chuo Ward, Osaka, 541-0057, Japan",4.1,34.6797932,135.5037083,"이 새로운 호텔, 조용한 편안한 깨끗한 객실에 매우 만족합니다.공개 목욕 경험은 재미 있고 훌륭한 무료 커피였습니다.체크인 아웃은 쉬웠습니다.친절한 직원.좋은 위치.큰 창문이있는 옥상 객실 지붕은 압도적 인 경험이었습니다.그러나이 호텔에 다시 머물 것입니다.
방은 조금 작습니다.두 개의 수하물 케이스를 동시에 열기는 쉽지 않습니다.침대에 더 오래 머물고 싶다면 아이 마스크를 사용하는 것이 좋습니다.작은 먼지가 있습니다.그 외에는 모두 좋습니다.직원들은 도움이되고 친절합니다.위치가 좋습니다.
방은 그러한 예산으로 허용되지만 직원의 방식도 반영했습니다.나는 체재에 추가 사람들을 추가해야합니다. 나는 기꺼이 지불하고 완전히 이해할 수 있습니다.그러나 직원은 내 질문에 대답하고 지불을 처리 할 때 무례하고 비우호적입니다.그러한 비전문가는 환대 산업에서 용납 할 수 없습니다.
이곳을 사랑해!나는 확실히 추천 할 것이다.위치는 완벽합니다.대중 교통은 매우 가까운 곳, 아주 멋진 현지 상점이 많이 있습니다!이 호텔에는 매우 멋지고 좋은 서비스, 레스토랑, 심지어는 스파가있었습니다!당신은 19 층에서도 세탁을 할 수 있습니다.그들은 멋진 전망을 가진 옥상 바가 있습니다.나는 나초를 좋아하지 않았다.거의 화상을 입고 매우 기름기가 많은 얇은 빵.그들은 또한 냉담한 라운지를 가지고 있습니다.그리고 무료 커피.
샴푸 등의 많은 것들이있는 거대한 로비, 위치, 위치
마이너스 안전은 이전 소유자로부터 재설정되지 않았으며, 개인을 여러 번 고칠 수 있도록 요청해야했습니다. 누군가가 세탁기에서 옷을 가져 가기 위해 한 시간 동안 기다렸다가 직원이 물론 일을 할 수 있는지 두 번 물었습니다!방에있는 머리 바로 바로 바로 바로 위의 먼지가 많은 에어컨과 창문의 전망은 사무실에 있으므로 모든 것이 모든 것을 볼 수 있지만 다시 돌아 오지 않습니다.",운영 시간이 없습니다,"하숙, point_of_interest, 설립",Yes
COGO TENNOJI,"3-9 Kitakawahorichō, Tennoji Ward, Osaka, 543-0053, Japan",4.7,34.64884,135.5183093,"편안한 객실과 정말 멋진 공유 생활 공간과 원하는 모든 편의 시설.케이크의 착빙은 환상적인 직원입니다.그들은 항상 아이디어를 공유하고 공유하는 것을 기쁘게 생각했습니다.
교차로 근처에 있다는 점은 주목할 가치가 있습니다.따라서 미미하지만 특정 시간에는 교통 소음의 가능성이 있습니다.Wi -Fi 적용 범위는 일부 객실의 특정 부분에서 고르지 않을 수 있지만 공유 공간에서 우수합니다.
매우 멋지고 괜찮은 호스텔, Dotonbori까지 도보 30 분, 걷기를 좋아하는 사람에게 좋습니다.직원은 친절하고 친절하지만 수하물과 수건을 유지하기 위해 비용을 지불 해야하는 탐욕스러운 호스텔입니다.침대는 약간 시끄럽고 Madras는 괜찮지 만 얇습니다.전반적으로 무료 풋 욕조가있는 괜찮은 호스텔
Wi -Fi를 사용해야한다면 여기에 머물지 마십시오.그들은 각 층마다 다른 네트워크를 가지고 있으며 모두 무가치 한 옆에 있습니다.그들이 2024 년에 메쉬 네트워크를 가지고 있지 않은 이유는 당황하고 있습니다.가격과 청결은 괜찮습니다.나는 로비에 앉아있는 많은 사람들이 괜찮은 와이파이가있는 유일한 곳이기 때문에 당신은 당신이오고 갈 때 당신을 쳐다 보는 최소 12 명의 즐거움을 즐길 수 있기 때문입니다.
나는 최근 에이 호텔에 머물면서 즐거움을 느꼈으 며 내 경험에 더 행복 할 수 없었습니다.내가 들어온 순간부터 직원들은 엄청나게 환영하고 세심했습니다.로비는 아름답게 장식되어 따뜻하고 매력적인 분위기를 조성했습니다.
우리는 이틀 동안 여기에 머물 렀습니다.모든 것이 훌륭합니다.편리하고 깨끗하며 매우 유용한 직원이 있습니다.발 담금은 놀라운 놀라움입니다.",운영 시간이 없습니다,"하숙, point_of_interest, 설립",Yes
Hotel Fine Aroma Dotombori,"2-chōme-17-5 Shimanouchi, Chuo Ward, Osaka, 542-0082, Japan",3.5,34.6692148,135.5066648,"그들은 내 방을 한 번도 청소하지 않았습니다.침대는 단지 매우 얇은 패드가있는 상자 스프링이었습니다.내 욕실은 누군가가 항상 담배를 피우는 것처럼 제련되었습니다.내가 떠날 때마다, 나는 내 방 열쇠를 돌리고 돌아 왔을 때 그것을 수집해야했다.
수면에 충분합니다
나는 방문한 밤에 정기적 인 약을 잃었습니다.
그런 것은 없습니다.여러 번 청소되었습니다.손실 된 항목이 저장됩니다.말을 마친 후, 나는가 차를 자릅니다.
그 후, 나는 호텔로 직접 갔고 여성 직원에게 물었을 때 안전하게 지켰습니다.
잃어버린 품목 관리는 조잡하고 고객 서비스가 최악입니다.
내 정규 약은 정신 약물이므로 매일 복용해야하지만 직접 복용하지 않으면 매우 불쾌 할 것입니다.
내가 그곳에 갔을 때, 매장 관리자처럼 보이는 남성 직원은 없었으므로 내일 당신과 이야기하겠습니다.
이것은 극단적으로 들릴지 모르지만 누군가가 이것으로 죽으면 남성 직원 이나이 호텔의 그룹이 회복 할 수 있습니까?나는 당신이 적극적으로 재고하기를 바랍니다.친절에 대해 여성 직원에게 감사합니다.
덕분에 물이 떨어지지 않고 안정적으로 마실 수있었습니다.
나는 돈을 지불했지만 여성 직원의 태도는 비우호적이었다.나는 수하물을 보관하려고했지만 개인 정보 보호상의 이유로 할 수는 없다고 말했다.다른 장소에서는 요금으로 제공됩니다.
여기에 가지 마십시오
환불은 없으며 나는 외국인이기 때문에 나를 차별합니다.
위치는 편리하고 문제가 없습니다.
몇 가지가 있습니다.
그러나 지불 절차는 매우 번거롭고 불쾌했습니다.
입력 할 때 화면에서 방을 선택하십시오.
그런 다음 프론트 데스크에서 열쇠를 얻으십시오.
방에 들어가서 먼저 청구서를 지불하십시오.
냉장고와 음료가 장착되어 있습니다.
당신은 또한 당신의 방에서 지불합니다.
지불 기계는 응답이 매우 느 렸습니다.
그리고 술에 취한 사람을 위해 수술하기가 어려웠습니다.
프론트 데스크는 아무것도하지 않았습니다.","월요일 : 24 시간을 엽니 다
화요일 : 24 시간 영업
수요일 : 24 시간을 엽니 다
목요일 : 24 시간 영업
금요일 : 24 시간 영업
토요일 : 24 시간을 열었습니다
일요일 : 24 시간 영업","하숙, point_of_interest, 설립",Yes
FL Hotel Dotonbori,"1 Chome Higashi-3-16, １丁目-東３ 道頓堀 中央区 大阪市 大阪府 542-0077, Japan",4.4,34.6684022,135.5090925,"이 호텔은 훌륭한 위치에 있으며 방은 작지만 수하물과 공간이 이동하기에 충분했습니다.욕실은 다시 작았지만 샤워 온도 압력은 훌륭했습니다.직원들이 도움이되었고 아침에 무료 빵이있었습니다.Razorstoothbrush와 같은 잠옷과 세면 도구는 우산뿐만 아니라 무료로 제공됩니다.우리는 더블 룸을 가지고 있었고 침대는 충분히 컸으며 우리는 짧은 키 사람들이기 때문에 고려해야 할 사항이 있습니다.Dotonbori까지 도보로 5 분
이것은 Dontonburi 근처의 Money Hotel에게 큰 가치였습니다.최근에 지어진 호텔이기 때문에 방은 항상 조용했으며 소음 단열재가 좋습니다.매일 아침 리셉션 구역에 빵이 있었는데 일상 활동으로가는 길에 충분합니다.
물을 리필 할 곳은 없으며 프론트 데스크에서 하루에 한 병의 물만 허용 할 수 없으며 일일 병이 있는지 확인하기 위해 목록에서 방을 확인합니다.누군가와 함께 방에있는 사람이 병을 함께 모으십시오. 그렇지 않으면 직원들에 의해 씹을 것입니다.밤에 복도에서 이상한 충돌이 벌어지고, 매우 일찍 체크 아웃 시간.청소 날에 청소 승무원은 내 침대 시트를 그대로 두었습니다.객실의 자동 잠금 장치는 매우 이상하며, 문이 닫히기 전에 잠금 장치가 튀어 나오기 때문에 문이 닫히기 전에 자동 잠금 장치가 있습니다.자물쇠는 또한 내 키 카드를 읽는 것처럼 보였고 방을 공유 한 친구들이 아니라.또한 로비와 엘리베이터 주변의 몇 곳에 종이 테이프를 테이프로 검토하여 검토를하고 직원에게 보여주고 무료 5 개의 선불 카드를 받으십시오.나는 이것이 사람들이 호텔이 빠른 돈을 위해 제공하는 부정적인 것들을 간과하게하는 방법이라고 생각합니다.
이 호텔은 일본 전체 여행 중 최고 중 하나입니다.
깨끗한 넓습니다.언급하지 않은 것은 지하철역과 가족 마트까지 도보 거리 내에 있습니다.Dotonbori 지역에서 멀리 떨어진 돌도!
멋진 깨끗한 방, 좋은 크기의 샤워 보트가있는 아늑한 작은 욕실.Wi -Fi 및 TV 이용 가능, 매일 아침 로비에서 제공되는 무료 아침 식사.친절하고 도움이되는 프론트 데스크 직원.Dotonbori를 방문하기위한 놀라운 위치, 문자 그대로 메인 스트립에서 한 거리.",운영 시간이 없습니다,"하숙, point_of_interest, 설립",Yes
3U NAMBA-MINAMI by DOYANEN,"1-chōme-4-20 Haginochaya, Nishinari Ward, Osaka, 557-0004, Japan",3.8,34.64930220000001,135.5013663,"이 가격대에서 호스텔에 대해 불평하기 어렵습니다.당신은 당신이 지불하는 것을 얻습니다.방은 다른 호스텔보다 더 넓었습니다.합판으로 만든 침대를 포함하여 모든 것이 정말 싸게 만들어집니다.방은 깨끗했기 때문에 샤워하지만 화장실은 사람들의 수로 인해 하루에 한 번 이상 청소를 사용할 수있었습니다.모든 층에 각 성별에 대한 화장실이있는 것은 아닙니다.위치가 편리합니다.그러나 그것은 도시에서 가장 거친 동네 중 하나와 아마도 일본 전역에 위치하고 있습니다.일본이라는 것은 이것이 실제로 다른 나라의 나쁜 지역에 위험하거나 비교할 수 없다는 것을 의미합니다.그러나 나는이 지역의 놀랍도록 어두운 역사에 대해 누구나 읽어 보라고 조언 할 것입니다.지난 1015 년 동안 많은 것이 바뀌었지만 최근에 관광객들에 의해 최근에 오버닝 된 매우 가난한 동네입니다.그것을 명심하고 주변에 사는 사람들을 존중하십시오.또한 당신이 존재하지 않았다고 믿지 않았을 수도있는 일본을 경험하는 것에 놀라지 마십시오.이 지역에 사랑스러운 사람들이있는 많은 저렴한 레스토랑이 있습니다. 존중하면 좋은 시간을 보낼 수 있습니다.
방에 바퀴벌레가 있습니다.이것은 내가 일본에 머물렀던 세 번째 달과 바퀴벌레가있는 유일한 곳입니다.에어컨 장치가 떨어지고 있습니다.운 좋게도 내 전기 가전 제품은 내가 깨달았을 때 근처에 있지 않았습니다.다른 사람들은 설명, 공유 욕실 및 샤워 실으로 작성되었습니다.당신의 객실에는 침대 만 가지고 있으며, 케틀 1은 공동 구역에서 공유됩니다.그들은 소리가 끔찍하기 때문에 이어 버드를 제공했습니다.내가 머물렀던 최악의 장소.위의 문제를 신경 쓰지 않으면 저렴한 가격으로 좋았습니다.
내가이 장소를 선택한 것은 내 잘못이었다.환불도 없습니다.어리석은 날.
당신이 좋은 가격으로 그것을 얻는다면, Id는이 장소가 괜찮다고 말합니다.나는 그들이 더 많은 품질의 슬리퍼를 제공 할 수 있다고 생각한 것을 제외하고는 모든 것을 좋아했습니다.내가 처음 체크인했을 때, 나는 친근한 사람과 만났다고 생각했지만, 그가 게시 한 것보다 5 분 일찍 떠났기 때문에 고객 서비스가 부족하다고 생각했다.ㅋㅋㅋ.그러나 다음날 내가 아침에 왔을 때 내가 무언가를 잃어 버렸기 때문에 남성 여성 듀오가 나를 경건하게 맞이했습니다.그들은 내 평생 동안 내가 본 최고의 CS 중 일부를 가졌습니다.그래서 나는 당신이 누구를 얻는 지 중요하다고 생각합니다.
위치는 완벽하며 타운 센터에 너무 가깝지 않고 걸을 수있을 정도로 가깝습니다.기차역은 도보로 5 분도 채 걸리지 않았습니다.객실은 깨끗했지만 작았고 화장실은 찾기가 어렵고 작았습니다.화장실 마구간은 거의 없었습니다.욕실은 훌륭했고 키가 크지 만 수축되지 않았다.
일본에서 비행기를 타기 전에 여기에 머물 렀습니다.근처의 기차역과 Donki도 있기 때문에 위치는 정말 좋습니다!우리가 가진 방은 깨끗하고 괜찮 았습니다.그러나 화장실은 바닥에 한 명의 여성이나 남성 화장실이 있기 때문에 불편을 겪었습니다.나는 바닥조차도 남성 만 화장실이고 이상한 바닥은 여성이라고 생각합니다.나는 아시아와 유럽의 다양한 호스텔 쇼텔에 갔다. 그리고 이것은 손님이 수하물을 유지하게하지 않는 첫 번째 장소이다.그리고 직원들이 물었을 때 직원들이 우리에게 말한 방식은 완전히 무례한 행운이었다.",운영 시간이 없습니다,"하숙, point_of_interest, 설립",Yes
Hotel Sunplaza II,"Japan, 〒557-0002 Osaka, Nishinari Ward, Taishi, 1-chōme−2−２０ ホテルサンプラザⅡ",3.6,34.6484463,135.5045529,"그것은 예산, 좋은 위치, 화장실 및 가루실 내에서 모든 층의 공유, 충분한 편의 시설, 조기 체크인 및 무료 Kakigori 이벤트가 있어도 모든 층에 있습니다.처음에 나는 1 층의 샤워 실에 대해 걱정했지만 실제로는 3 개의 샤워 장치와 여성을위한 화장실로 괜찮 았습니다.공동 공간은 식사에 편안했고 점심을 먹었을 때 사람이 거의 없었습니다.종이 컵이 작기 때문에 손님에게 무료 음료를 위해 작은 텀블러 나 머그잔을 가져 오라고 조언합니다.침실에서, 이불 침구와 이불은 내가 잘 수있을 정도로 편안했습니다.에어컨, 냉장고 및 TV도 잘 작동했습니다.일본의 방 1이 아닌 단일 개인 실, Irl처럼 보이는 방식은 작고 4 '11 ""소녀에게는 충분하지만 중간 크기의 수하물을 가져 오기가 어렵습니다. 기차역 근처에 있습니다., 편의점과 테노 지 공원!
베개는 약간 불편하거나 어쩌면 그런 종류의 베개에 익숙하지 않을 수도 있습니다.나는 여전히 제대로 잠을 잘 수있었습니다.무료 수건은 너무 얇고 일반적인 목욕 타월만큼 크지 않으므로 여분의 두꺼운 것을 가져올 수 있습니다.칫솔도 너무 힘들었습니다.벽은 얇아서 다음 방의 전화 대화를들을 수있어 그 사람이 너무 크게 들렸지 만 귀마개가 있습니다.나는 그 남자가 저녁에 조용해졌다.그것에도 불구하고, 나의 체류는 여전히 훌륭했다!이 호텔은 다시이 호텔을 예약하는 것을 막았습니다.
객실 정보는 분명히 1000 엔을 추가로 지불하면 12시에 체크 아웃 할 수 있습니다.10시에 미친 무례한 젊은 청소부는 내가 샤워를하는 동안 비명을 지르며 소리를 지르며 내 방으로 터져 나갔다.나는 그녀에게 체크 아웃 시간에 대한 방 정보를 보여 주었고 일본어로 그녀에게 설명했다.그녀는 모든 것을 무시하고 ""체크 아웃은 오전 10시, 5 분이 있습니다""에 입력했습니다.텍스트를 읽기 위해 전화를 잡으려고했을 때 그녀는 일본어로 전화를 끊지 말라고 말했습니다.믿을 수없는 행동.나는 그녀가 정신 문제가 있는지 또는 무엇을 가지고 있는지 모르지만 그것이 내가 가진 최고의 모닝콜은 아니었다.방이 깨끗하고 리셉션 가이가 매우 친절했기 때문에 수치심.그러나 나는 Dobutsuen Mae Station과 Shin Imamiya 역 근처로 돌아가는 것을 두려워했습니다.공항에서 오면 쉽게 도달하십시오.이것은 우리가 일본에서 가장 저렴한 호텔입니다.식료품 저장실에는 주방, 전자 레인지, 물 디스펜서, 오븐이 장착되어 토스트 빵과 얼음 디스펜서를 만듭니다.방은 2 명에게 매우 작습니다.수하물을 가져 오면 적합하지 않을 수 있습니다.샤워는 1F 로비 레벨에 있습니다.엘리베이터는 정문을 향하고 있으므로 일부 사람들이 식료품 저장실에서 체크인하고 식히기 때문에 샤워를하고 싶을 때 매우 불편할 수 있습니다.호텔은 또한 저렴한 수하물 저장 Daikoku Locker 근처에 있습니다.전반적으로 나는 만족하고 돈의 가치가 있습니다.
프론트 데스크 서비스와 위치는 모두 훌륭했습니다.직원들은 전문적이고 도움이되었고 지하철은 바로 밖에있었습니다.그러나 나는 다시 여기에 머물지 않을 것입니다.나는 두 사람을위한 방을 예약했다.우리가 방에 도착했을 때, 내부에는 두 개의 이불이 있었는데, 그 내부에는 작은 방에 겹치지 않고 작은 방에 맞지 않았습니다.우리는 이틀 밤에만 여기에 있었기 때문에 우리는 공간을 다루었습니다.침대는 아무것도 옆에 없었고 우리는 두 개의 매우 불편한 밤을 보냈습니다.전체 건물에는 9 층이 넘는 샤워 실이 3 개 밖에 없었습니다.샤워는 곰팡이가 많고 오줌 냄새가 났으며 샤워 실에 카펫이있었습니다.가장 불편한 이틀.
아주 작은 불편한 방!호텔 외부와 내부의 소음을들을 수 있습니다.직원은 신뢰할 수 없으며, 일본조차도 캠페인 또는 예방 접종을받은 3 번의 가격이 묻습니다.나는 직원들이 분위기를 바꾸는 것을 물었다. 그리고 그는 카지로 내 모든 정보를 쓰기를 원한다.나는 편지로 쓸 수 있는지 묻고, 그는 나에게 소리를 지르고 호텔 정책을 말한다!Bullhit 나는 오사카에 다른 호텔을 머물렀고 또한 Cityhall에서도 모든 신문을 은행에 넣었지만 그들은 우리가 편지로 쓸 수있게 해줍니다.단순한 것들로 괴롭힘!1,000 명 할인 된 IM 너무 실망했습니다.","월요일 : 오전 7시 30 분 - 오후 11시 30 분
화요일 : 오전 7시 30 분 - 오후 11시 30 분
수요일 : 오전 7시 30 분 - 오후 11시 30 분
목요일 : 오전 7시 30 분 - 오후 11시 30 분
금요일 : 오전 7시 30 분 - 오후 11시 30 분
토요일 : 오전 7시 30 분 - 오후 11시 30 분
일요일 : 오전 7시 30 분 - 오후 11시 30 분","하숙, point_of_interest, 설립",Yes
&And Hostel Hommachi East,"2-chōme-3-14 Tokiwamachi, Chuo Ward, Osaka, 540-0028, Japan",4.5,34.6821409,135.5120075,"직원들은 매우 친절하고 유익했고 내 방은 깨끗했습니다.객실에는 헤어 드라이어, 2 개의 수건, 전용 욕실 샤워 및 냉장고가 함께 제공됩니다.이것은 내가 일본에서 머물렀던 최고의 호스텔입니다.내가 그 지역으로 돌아 오면 나는 다시 여기에 머물 것입니다!기차역까지 도보로 8 분, Dotonbori에서 30 분, 도보 5 분 이내에 여러 편의점이 있습니다.저에게 유일한 불만은 내 방이 내 수하물로 좁혀 졌다는 것입니다.아마도 저장 선반이나 무언가가 도움이 될 것입니다.
이것은 7 일 밤 에이 장소에서의 개인적인 경험입니다.위치가 현명합니다.Dotonbori Street까지 도보로 30 분 밖에 걸리지 않습니다. Dotonbori Street까지는 할 때까지 다리를 피울 수 있습니다.내 방은 5 층에 있었고, 나는 당신이 적어도 무료 슬리퍼와 수건을 기대하고 있으며 현재 임대 서비스로 제공되고있는 것을 기대할 수는 없습니다.방은 먼지가 많았고 베개에는 노란 얼룩이 있었는데 희미하지만 불쾌했습니다.나는 그것이 ""당신이 지불 한 것을 얻는다""는 것을 알고 있지만, 당신은 그들이 기본을하지 못하도록 변명한다고 말할 수 있습니다.내가 말하고 싶은 것은 내 방이 내가 예상했던 것만 큼 깨끗하지 않았다는 것입니다.리셉션의 안경 소녀는 미소를 사용할 수있었습니다.그녀의 반응은 내가 타월과 슬리퍼 및 기타 편의 시설을 청구했다는 사실에 놀랐을 때 매우 친절하지 않았습니다.서비스의 전반적인 느낌은이 장소가 호스텔이라는 이름 뒤에 숨어있는 것처럼 느껴졌으며, 그들이 호텔을 알고 있다는 것을 알게되었다는 것을 암시합니다.사실, 나는 도움을 줄 수는 없었지만 재미를 위해 거기에있는 대학생들이 운영하는 것처럼 느껴집니다.나는 특히 안경 소녀에 대한 표준에 대한 느낌을 실제로 느낄 수 없었습니다.구원의 은혜는 몇 시간 동안 체크 아웃 후 내 소지품을 붙잡을만큼 친절하다는 것이 었습니다.결국 일주일 이상 머물 렀습니다.
오후 11 시부 터 책상 사람은 없습니다.늦은 체크인을 위해 미리 메시지를 보내지 않으면 방에 액세스 할 수 없습니다.늦은 체크인 비용 1000 엔 추가.거의 매일 매일 사람들이 건물 밖에서 예약을 통해 나타나서 들어갈 수 없으므로 도시에 추가 호텔을 예약해야합니다.시설이 좋다.샤워에는 대부분 냉수가 있습니다.
정말 좋습니다!우리는 밤에 약 30 명 동안 두 사람을위한 개인 실을 임대했습니다.방은 매우 깨끗하고 뜨거운 샤워, 고압, 파나소닉 헤어 건조기, 도시의 놀라운 전망, 깨끗한 시트, 부드러운 침대, 차가운 AC, 멋진 조명, 많은 플러그, 미니 냉장고, 고속도로 옆에도 매우 조용했습니다.Superfast Wi -Fi, EZ 체크인, 늦은 밤 도착 괜찮은 친절한 직원.나는 늦게 체크 아웃 할 수 있는지 물었고 그들은 2 시간 더 머물 수 있다고 말했지만 시간당 1,000 엔을 지불해야했습니다.부엌과 어울릴 수있는 멋진 위층 지역이 있습니다.쉽게 5 분 거리에 도보로 걸어갑니다.Combini 옆집과 정직하게 보편적 인 문에 약 30 분이 지나면이 곳은 훌륭합니다!이 장소에 대한 훌륭한 가격을 얻었습니다.아침 식사는 단순한 우유와 오트밀 및 크루아상이었습니다.전반적으로, 그것은 원활한 체크인 및 체크 아웃입니다.","월요일 : 오전 8시 - 오후 11시
화요일 : 오전 8시 - 오후 11시
수요일 : 오전 8시 - 오후 11시
목요일 : 오전 8시 - 오후 11시
금요일 : 오전 8시 - 오후 11시
토요일 : 오전 8시 - 오후 11시
일요일 : 오전 8시 - 오후 11시","하숙, point_of_interest, 설립",Yes
DOYANEN HOTELS BAKURO,"2-chōme-8-12 Haginochaya, Nishinari Ward, Osaka, 557-0004, Japan",4.6,34.6465589,135.4995885,"깨끗하고 친근한 지역을 찾고 있다면이 호텔을 예약하는 것이 좋습니다.호텔이 위치한 지역은 꽤 오래되었으며 호텔 근처의 거리에는 쓰레기와 노숙자들이 있습니다.그것들은 가장 큰 문제조차 아닙니다.어느 날 아침 내 그룹이 지하철역으로 걸어 갈 때, 우리에게 가운데 손가락을 보여주는 남자가 있었는데, 나는 그것을 무시할 수 없어서 그것을 다시 보여줍니다.그러나 솔직히 내가 그렇게 한 후에, 나는 남자가 싸움을 시작할 것이라고 조금 걱정했지만, 고맙게도 그는 용기가 없었습니다.그러나 이것은 분명히 환영하지 않으며 안전하지 않다고 느끼게했습니다.그건 그렇고 우리는 3 명으로 여행하고 있으며 모두 여성입니다. 호텔 객실이 약간 작은 위치에 더 불편 함을 느끼게 만들었습니다..그리고 매트리스로 덮지 않은 침대 보드에 먼지가 많이 있었기 때문에 방이 더 깨끗해질 수 있기를 바랍니다.비록 우리는 호텔 직원을 자주 보지 못하지만 짧은 시간 동안 프론트 데스크에 있기 때문에 자주 보지 못하지만 좋은 사람들이며 좋은 태도를 가지고 있습니다.
우리는 이것을 4 그룹에 대해 예약했고, 돈을위한 가치는 우리 가이 호텔을 선택한 첫 번째 이유입니다.편안하고 꽤 괜찮은 크기입니다.위치는 또한 Namba로가는 기차역 중 하나에서 돌을 던지는데, 이는 정말 편리합니다.위치에 대해 말하면, 많은 사람들이 여기에 많은 리뷰에서 언급 된 ""안전""문제에 대해 궁금하다는 것을 알고 있습니다.사물을 원근법에 넣습니다.나는 왜 어떤 사람들 이이 지역 주변에 노숙자들이 있기 때문에 왜 ""안전하지 않은""것처럼 보일지 이해할 수 있지만, 항상 당신이 안전하지 않은 것으로 간주되는 것에 달려 있습니다.내 친구들과 나는 안전하지 않은 나라에서 왔는데, 당신이 범죄 나 그런 종류의 것들처럼 당신이 정말로 위험에 처해 있음을 의미하지만, 나는 당신에게 말하고 있습니다.이 영역은 그렇지 않습니다.우리는 안전하지 않은 느낌이 들지 않았으며, 우리가 그곳에있을 때 그것을 느낄 이유가 없었습니다.내 조언은 노숙자 또는 정기적 인 주거 지역이 당신을 불편하게 느끼게한다면 예약하지 마십시오.그러나 실제 주거 생활을하는 지역에 머무르는 것이 괜찮다면,이 장소에 기회를주십시오.
호텔은 괜찮 았지만 오전 5시에 시작하는 열차의 소음으로 인해 아이들과 함께 여행하는 경우에도 최악의 잠을자는 것이 불가능합니다.
훌륭한 호텔.넓은 객실이있는 잘 유지되고 깨끗하며 현대적입니다.서비스는 훌륭하고 직원은 매우 친절합니다.당신은 소유자가 그들의 사업에 자부심을 가지고 있다고 말할 수 있습니다.가난한 지역에 있지만 오사카 모닝 시장과 지하철에 가깝습니다.로비는 바와 앉은 공간이있는 훌륭합니다.작은 개인 안뜰에는 내부 식당과 일부 CAF 테이블이 있습니다.그들은 또한 편리한 세탁 시설을 가지고 있습니다.
모든 것이 완벽했습니다!친절한 영어 말하기 직원.모든 것이 깨끗했습니다.","월요일 : 오전 9시 - 오후 8시
화요일 : 오전 9시 - 오후 8시
수요일 : 오전 9시 - 오후 8시
목요일 : 오전 9시 - 오후 8시
금요일 : 오전 9시 - 오후 8시
토요일 : 오전 9시 - 오후 8시
일요일 : 오전 9시 - 오후 8시","하숙, point_of_interest, 설립",Yes
Hearton Hotel Shinsaibashi Nagahoridori,"1-chōme-5-11 Shinmachi, Nishi Ward, Osaka, 550-0013, Japan",4.3,34.6755632,135.4961527,"큰 가치!깨끗하고 매우 편리합니다.방은 너무 작지 않았고 2 개의 지하철역에 가깝습니다.쇼핑을 위해 Shinsaibashi로 쉽게 걸을 수 있습니다.
3 박 동안 여기에 머물 렀습니다.
좋은
표준 예산 호텔까지
247 슈퍼마켓, MacDonald 's 및 Metro Station 근처의 좋은 위치
직원은 예의 바르고 개선되도록 도움이됩니다
흡연 구역은 호텔 입구의 오른쪽에 있으므로 입구를지나 가면 흡연 룸메라를 왼쪽으로 옮기는 것이 좋습니다.
컵에 남은 찻 코피 얼룩과 생수가 제공되지 않았지만 운 좋게도 호텔 옆에 247 개의 슈퍼마켓이 있습니다.
여기에 세탁기가없는 것 같아서 더 오래 머무르기 위해 다른 곳에서 찾을 수 없을 것입니다. 호텔지도 내부에서 사용할 수 있고 운 좋게도 우리는 이전 호텔에서 모두 씻었습니다.
지하철, 슈퍼마켓 및 맥도날드 (McDonalds)가 편리하게 위치한 가격으로 두 사람을위한 좋은 크기의 공간.Dotonburi까지 걸을 수 있습니다.직원들은 밤에 먹을 곳에 대해 물었을 때 약간 도움이되지 않았으며 체크인하는 동안 즉시 예약을 찾을 수 없었습니다.로비에서 차, 커피, 칫솔, QTIP 및 면도기와 같은 무료 품목이 있습니다.하우스 키핑은 사인을 끄면 방을 청소합니다.냉장고에는 자유로운 물이 없습니다.Chromecast 또는 Roku를 가져올 계획이라면 TV의 HDMI 포트에 쉽게 접근 할 수 없습니다.Wi -Fi는 약간 iffy, 연결을 많이 떨어 뜨 렸습니다.
우리는이 호텔에 4 박 동안 머물 렀습니다.정말 좋은 호텔입니다.방은 일본 표준으로 매우 깨끗하고 큽니다.건전한 증거는 너무 커서 우리는 이웃의 소음을 거의 들리지 않습니다.밤에 호텔은 정말 조용했습니다.24 시간 슈퍼마켓 근처에 있으므로 음식과 물이 있습니다.지하철역은 매우 가깝습니다.지하 또는 표면을 걸어 MRT에 도착할 수 있습니다.가격은 옳습니다.이 호텔을 적극 권장합니다.
우리가 오사카로의 여행을 위해이 호텔을 선택한 주된 이유는 위치 때문입니다.또한 시설, 방 크기 및 청결과 같은 긍정적 인 측면에 감사드립니다.우리는 체크인이 오후 3시에 있다는 것을 알고 있었지만, 우리는이 시간에 대한 엄격한 준수에 실망했습니다.오후 245시에 도착했지만 우리는 우리 방에 들어갈 수 없었습니다.이 정책을 준비하는 것이 좋습니다.","월요일 : 24 시간을 엽니 다
화요일 : 24 시간 영업
수요일 : 24 시간을 엽니 다
목요일 : 24 시간 영업
금요일 : 24 시간 영업
토요일 : 24 시간을 열었습니다
일요일 : 24 시간 영업","하숙, point_of_interest, 설립",Yes
Dynasty Hotel Osaka,"2-2 Ikutamachō, Tennoji Ward, Osaka, 543-0071, Japan",4.8,34.6656221,135.5151906,"우리의 체류와 관련된 제로 문제, 위치는 2 개의 패밀리 마트와 7 개의 엘렌이 모퉁이에 가깝습니다. 호텔 주변에 레스토랑이있는 근처의 Daiso가 있습니다.밤은 밤 동안 훌륭한 조명으로 깨끗했으며, 청소 서비스는 직원들로부터 큰 효율성으로 이용할 수있었습니다.확실히 머물기 좋은 곳을 추천합니다.
불만이 없습니다.위치는 슈퍼마켓, 비 투구 레스토랑 및 성까지의 걸을 수있는 거리에 가까운 우리의 요구에 적합했지만, 그것을 사용하는 것을 선호 할 때 1 분 거리에있는 지하철이있었습니다.
객실은 일본에서 경험 한 Weve보다 컸으며 체크인 및 아웃은 매우 쉬웠습니다.우리는 도보로 약 30 분 정도의 성, 일부 신사 및 유니버설 스튜디오는 지하철에서 약 1 시간 동안 고통없는 여행이었습니다.
고려 사항은 방에서 약간의 교통 소음을들을 수 있습니다. 이것은 우리를 전혀 혼란스럽게하지 않았지만 조용히 조용히 원한다면 여기서는 거의 없습니다.
Dynasty Hotel에 머무는 것은 훌륭했습니다.호텔 아래에는 7elven 매장이 있었는데, 이는 아침 식사 또는 늦은 저녁 식사를 구매하기에 매우 편리했습니다.침대는 매우 편안했고 무료 파자마와 원한다면 여분의 베개도 제공합니다.우리 방의 전망도 예외적이었습니다. 밤에는 가로등을 볼 수 있습니다.내 방에도 Netflix가 있었기 때문에 휴식을 취하고 싶을 때 볼 수있었습니다.내가 방에 대해 말할 수있는 유일한 사기는 내가 조금 작아서 수하물을 열기가 어려웠고 침대 위에 놓아 더 쉬운 개구부에 넣어야한다는 것입니다.또한 편안한 방도 작았습니다.그러나 나는 혼자서 나에게 문제가 없기 때문에 나에게는 아무런 문제가 없었다.다음에 나는 오사카로 돌아갈 때 확실히 다시 여기에있을 것입니다!
인접한 711 편의점이있는 지하철 옆에 완벽하게 위치한 오사카에서 훌륭한 숙박을위한 이상적인 위치가 있습니다.2 층이없는 코너는 멋진 편의 시설입니다.많은 곳과 예배에서 그리 멀지 않습니다.나는 여기에 다시 쉽게 머물 것입니다.직원은 영어로 쉽게 의사 소통 할 수 있습니다.손님은 야간 가운을 무료로 빌릴 수있을뿐만 아니라 특정 세면 도구, QTIP, 브러시, 칫솔 키트를 무료로 제공 할 수 있습니다.
내가 가본 최고의 호텔 중 하나.직원들은 너무 위대했고 심지어 우리의 체크 아웃에서 비가 많이 내릴 때까지 우리에게 무료 우산을주었습니다.직원들은 여기서 매우 놀랍습니다",운영 시간이 없습니다,"하숙, point_of_interest, 설립",Yes
Sarasa Hotel Dotonbori,"2-chōme-9-6 Shimanouchi, Chuo Ward, Osaka, 542-0082, Japan",4.3,34.6697212,135.5089068,"방은 괜찮습니다.그들은 청결을 향상시켰다.우리가 관광하는 동안 우리의 수하물이 이전에 저장되어 방으로 보내져 서비스가 훌륭합니다.직원들은 특히 아침 식사 직원입니다.위치는 매우 조용하지만 지하철에 너무 가깝지는 않습니다.가장 가까운 Nippombashi Station 10 분
매우 친절한 직원이있는 훌륭한 호텔.우리는 태풍으로 인해 오사카에 갇히게되었습니다.우리는 온라인으로 방을 예약 할 수 있었고 바로 내려 와서 즉시 체크인했습니다.객실과 시설은 훌륭했습니다
직원은 다국적이고 매우 친절하며, 정말 친절하고 접근하기 쉬운 주인도 만났습니다.그것은 Doutonbori 스트립과 가깝게 위치한 많은 레스토랑 및 편의점 옵션이므로 아침 식사 뷔페와 함께 음식을 제공해야합니다.객실은 커피 나 차가 적당히 비축되어 있지만 며칠마다 새로운 수건과 치과 용품을 가져 오지만 꽤 비좁아졌으며 처음 체크인했을 때 배수구에서 이상한 냄새가 나왔습니다. 욕실도 매우 뜨겁고 습합니다.팬을 계속 유지하십시오.그러나 전반적으로, 당신이 오사카를 탐험하고 행동의 중심에 무언가를 원한다면 괜찮은 호텔입니다.
호텔의 상태에는 절대 3star가 없습니다.우리는 로비에 들어간 순간 예약을 후회했습니다.사람들은 리셉션 바로 옆에 큰 저녁 식사를하는 로비에 앉아있었습니다.호텔은 매우 구식이었고, 엘리베이터는 보안 제어 바닥 접근이 없었으며, 객실은 이상한 냄새로 더럽고 복도 카펫 전체에 얼룩이 있습니다.우리는 다른 호텔을 예약하고 예약을 상실했습니다.Ive는 일본의 다른 3star 호텔에 머물 렀으며 더 나은 편의 시설을 가지고 있고 더 안전하다고 느꼈습니다.위치 현명한 지하철에서 도보로 15 분 정도 최고가 아닙니다.
아침 식사는 엄청난 품종으로 맛있었습니다.프라이드 치킨과 Whataburger 스타일의 해시 브라운 스틱이있었습니다!영어를하는 직원.인공 호흡기가있는 실내 흡연 공간은 너무 냄새가 없습니다.로비에서 맥주를 ​​500 엔으로 누릅니다.로비의 자동 판매기 판매에 맥주.멋지고 예쁜 새 건물.내 방은 크게 컸다.위치는 많은 중국 식당과 한국 레스토랑으로 둘러싸여 있습니다.",운영 시간이 없습니다,"하숙, point_of_interest, 설립",Yes
Nest & Rise Osaka Namba Hotel,"3-chōme-4-21 Shikitsuhigashi, Naniwa Ward, Osaka, 556-0012, Japan",4.1,34.6563409,135.5014768,"4 박 동안 여기에 머물 렀습니다.당신이 활동적인 여행자이고 외출하기를 좋아한다면 위치는 훌륭했습니다.메인 시내 중심가에서 도보로 10 분, 캔자이 국제 공항으로가는 기차에서 도보로 8 분 거리입니다.길 건너편과 711과 모퉁이를 돌면 언제든지 로손이 있습니다.그들은 또한 오사카를 간과하고 도보 10 분 거리에있는 탑을 볼 수있는 옥상 바 좌석 공간이 있습니다.베개, 이것은 대부분의 방이 크기가 비슷하지만 좋은 품질은 아니기 때문에 실제로는 정말 좋은 방과 돈에 좋은 가치입니다.수압과 뜨거운 물이 우수합니다.체크인은 매우 쉬웠으며 흡연실과 아래층 가방의 계량 규모가 있습니다.우리는 무료 아침 식사를 선택했고 훌륭했습니다.건강에 좋은 음식을 잘 선택하고 늦은 저녁 식사까지 우리를 가득 채웠습니다.장소는 매우 깨끗합니다.오랜 시간 동안 걷고 탐험 한 후에 돌아올 수있는 편안한 장소를 찾는 사람들에게 추천 할 것입니다.
우리는 5 박 동안 여기에 머물렀고 우리는 정말로 우리의 체류를 좋아합니다.객실은 좋고 욕실은 충분히 큽니다.서비스는 훌륭합니다. 체크인하기 전에 수하물을 보관할 수 있으므로 도시를 탐험 할 수 있습니다.내 사진에서 볼 수 있듯이 도시의 놀라운 전망을 제공하는 옥상 바가 있지만, 우리가 머무는 동안 식당이 문을 닫았습니다.양쪽에 두 개의 주요 고속도로와 철도가 있기 때문에 위치는 좋지 않으므로 자정까지 기차가 지나가는 소리가 들리므로 명심해야 할 것입니다.그 외에는 우리가 얻은 가격과 서비스 때문에 다시 여기에 머물 것입니다.
Nankai Electric Railway와 Osaka 지하철에 쉽게 접근 할 수 있습니다.호텔 바로 앞에 편의점이 있습니다.자동차 주차는 사진에 나오는 공동 주차장에서 구입할 수 있습니다.호텔은 내가 상상했던 것보다 더 크고 새롭고 깨끗했습니다.물방울 커피와 다양한 유형의 흑인 및 녹차 가방은 체크인 카운터 근처에서 구입할 수 있습니다.객실은 작지만 비용 성능이 상당히 좋다고 생각합니다.
멋진 호텔!간단한 체크인, 간단한 체크 아웃.OK View가있는 지붕 상단이 있습니다!황금 시간은 매우 아름답습니다!그러나 아무도 거기에 없었고 거의 비어있었습니다.세탁기와 건조기에는 3 세트 만 있지만 세탁소는 실제로 가깝지만 60 분 동안 세척 및 건조에 훨씬 더 비싼 1600 엔입니다.Lawson은 바로 옆에 있으므로 밤에 돌아 오기 전에 간식을 잡기에 완벽합니다.방은 2 명의 성인 배낭 여행을 위해 충분히 크지 만 미국 표준에 익숙해지면 여전히 작았습니다.캐스트 미러링 옵션이없는 TV 그러나 우리는 Chromecast를 가지고있어 TV 시리즈를 볼 수있었습니다.조심해야 할 한 가지는 호텔 옆에 고속도로와 기차 트랙이 있으므로 소음이들 수 있다는 것입니다.우리는 기차 트랙 옆에 있었고 마지막 기차까지 기차를들을 수있었습니다!그러나 서비스가 중단되면 매우 조용합니다!침대는 좋았고 직원들은 정말 좋았습니다.
훌륭한 위치, 객실도 정말 좋으며 전체 장소에 좋은 느낌이 있습니다.직원들은 모두 매우 친절하고 위치는 훌륭합니다.열차는 약간 크게 보일 수 있지만 정직하게 잠들면 눈치 채지 못합니다.이드는 뷔페 아침 식사에 얼마나 많은 옵션이 있었는지에 대한 많은 옵션이 있었지만 전반적으로 머물기에 좋은 곳이었고 우리는 그것을 좋아했습니다.",운영 시간이 없습니다,"하숙, point_of_interest, 설립",Yes
Hostel OSAKA,"6-23 Matsugaechō, Kita Ward, Osaka, 530-0037, Japan",4.6,34.69853109999999,135.515449,"이것은 새로운 호스텔이지만 제가 내 인생에서 가장 좋은 호스텔 중 하나입니다.매우 현대적인 매우 깨끗하고 직원들은 항상 웃고 도움이됩니다.공용 공간은 필요한 경우 부엌으로 매우 넓습니다.
도시 중심에 가기 위해 지하철을 가져 가야하기 때문에 위치에 4 ​​개를 넣었지만 여전히 가까이 있습니다.
오사카에서 호스텔을위한 사랑스러운 새로운 숙박과 좋은 가격.특히 공통 영역은 친구들과 함께 사용하기에 매우 좋았습니다.
매우 깨끗하고 적합한 호스텔, 나는 모든 것에서 조금 멀리 떨어져 있다고 느꼈습니다.
직원들은 친절했고 이해하기 쉬운 설명을 주었고 질문을하기 쉽습니다.
질문하고 싶었고 미리 이메일을 보냈을 때 정중 한 답장을 받았습니다.
그것은 여전히 ​​새로운 호스텔이지만 건물 자체는 다른 여관이었고 개조되었습니다.그것은 오래되지 않았고 위생적인 ​​분위기를 가졌다.
더운 날 이었지만 에어컨이 잘 작동했습니다.
매트리스는 부드럽습니다.
먹을 수있는 공동 주방과 바닥이 있었고 전자 레인지, 주전자, IH 스토브 등도있었습니다.
각 층마다 화장실, 화장실 및 작은 냉장고도있었습니다.
Wi -Fi는 침대와 일반 바닥 모두에서 편리합니다.
유일한 침대 공간은 매트리스와 작은 선반입니다.큰 수하물을위한 공간이 없습니다.그러나 가격을 고려할 때, 나는 나라가 허용 될 수 있다고 생각합니다.배낭 만 가지고 있었기 때문에 침대 기슭에 놓았습니다.
이번에는 침대의 윗층에있었습니다.내부는 커튼 프레임을 통해 볼 수 있으므로 여성이 여성을 위해 침대를 예약하는 것이 더 안전 할 수 있습니다.
수건에 대한 요금이 있지만 약 100 엔을 대여 할 수 있다고 생각합니다.프론트 데스크는 오후 11시 이후에는 무인이되지만 전화하면 즉시 열면 밤에 외출 할 수 있습니다.그것은 역에 가깝고 일반적으로 위생적이며 오사카 시티의 다른 기숙사와 캡슐보다 저렴했습니다.무엇보다 직원들은 대기 분위기가 좋았으므로 오사카에 다시 가면 다시 사용하고 싶습니다.",운영 시간이 없습니다,"하숙, point_of_interest, 설립",Yes
WAYFARER Matsu,"1-chōme-2-7 Minamisenba, Chuo Ward, Osaka, 542-0081, Japan",4.7,34.6759308,135.5106663,"멋진 편의 시설과 흠없이 깨끗한 새로운 잘 관리 된 호텔.그것은 교통 바쁜 통행료와 인접하여 중장 트럭을 지나가면 약간 진동합니다.그러나 그들의 방음은 매우 효과적입니다.레드 라인 지하철까지 도보로 15 분 거리에있는이 지역에서 최고의 가격.
욕실조차도 매우 작지만 OnePerson은 괜찮습니다.직원들은 매우 친절하고 도움이되며 방은 깨끗하고 편안합니다.가격의 가치가 있습니다.이 호텔을 추천합니다.
지하철 시스템에 가까운 편리한 위치.위생은 좋지만 매우 작은 욕조와 화장실 공간입니다.결론적으로, 사람들은 호텔에서 약간의 시간을 보내는 데 비용 효과가 있습니다.
객실은 작지만, 그것은 옷이나 옷을 큰 가방을 걸어 갈 수있는 공간이 많지 않지만 전반적으로 유쾌합니다.화장실은 작은 욕조와 WC가있는 미세 작습니다.
방은 깨끗하고 충분히 큽니다.화장실이 너무 작습니다.직원이 전혀 없으므로 서비스가 양호한 지 여부를 결정할 수 없습니다.역 근처에 있지만 선을 변경해야하므로 약간 불편합니다.전반적으로, 품질은 우리가 지불 한 것이므로 여기에 머물게되어 기쁩니다.",운영 시간이 없습니다,"하숙, point_of_interest, 설립",Yes
HOTEL SOBIAL,"2-chōme-2-5 Shikitsunishi, Naniwa Ward, Osaka, 556-0015, Japan",4.3,34.655634,135.4975722,"훌륭한 호텔 직원.
깨끗하고 훌륭한 위치, 옆집 세탁소, 2 층의 아침 식사 공간.
우리는 4 인 가족을위한 객실에 도착했습니다. 객실은 서양 표준에 비해 작지만 가격의 경우 더 작은 크기의 공간에서 괜찮습니다.
이 호텔은 지하철 입구 근처에 위치하고 있으며, 수하물을 굴리지 않고 지하철에서 먼 길을 걷는 데 매우 편리합니다.
나는이 장소를 추천하고 다시 여기에 머물 것입니다.
도시 탐험을위한 두 개의 핵심 라인이있는 Daikokucho Station까지 30 초 동안 여기에 잘 지내십시오.Namba에게도 걸을 수 있습니다.나는 간식과 온센에서 체크인을 즐겼다.방은 표준 프릴이 아니며 매우 조용하고 드라마가 전혀 없었습니다.로슨, 코인 세탁소 및 옆에 카페.나를 위해 돈을위한 큰 가치였습니다
아침 식사는 훌륭했고 침대는 편안했습니다
좋은 다양한 물고기
수요일에 생선 튀김과 파스타는 훌륭했습니다
서양식 아침 식사 평소와 같이 좋지 않습니다
차가운 삶은 계란
식이 표시가 명확하지 않습니다
혼합 과일 음료는 좋았습니다.바나나 쉐이크는 아니었다
간식은 괜찮 았고 홍차 또는 밀크 커피 한도 제한 시간 만
제한된 편의 시설
작은 것들을위한 귀여운 칫솔과 슬리퍼
훌륭한 위치.Dobotanri는 한 번의 정지 또는 도보로 20 분입니다
체크 아웃 중에 우리를 섬기고 다음 호텔로 수하물을 전달하는 데 도움을주는 Kondoh San 직원은 훌륭합니다.그녀는 수신 호텔에 전화를 걸어 모든 것이 순서대로 확인되었습니다.수하물 크기를 측정하는 데 도움이되는 아가씨를 잊지 마십시오.그녀의 이름을 얻지 못했습니다. 그녀는 4 월 12 일 오전 9시에 교대 중이 었습니다. 오사카를 마무리 해 주셔서 감사합니다.객실은 깨끗하고 일본 호텔 표준에 따라 큽니다.우수한 위치.지하철 근처에서는 남바 지역처럼 시끄럽지 않습니다.체크인 중에 우리에게 봉사 한 직원은 부정적인 일뿐 만 아니라 친절하지 않습니다. 우리는 일본 표준이 아닌 약간의 표준이기 때문에 약간 놀랐습니다.우리가 떠나기 전에 2 명의 훌륭한 직원을 만나서 기쁩니다.방 출입구의 빛에 대한 자동은 휴식을 취하는 동안 빛으로 방해 받고 싶지 않다면 아이 마스크로 쉽게 자극적 일 수 있습니다.
우리 여행이 끝날 때 2 박 동안 여기에 머물렀다.Midosuji 라인이 오사카를 통과하는 주요 라인 중 하나 인 Daikokucho 역 옆 바로 옆에 있습니다.그 호텔은 이상한 단점을 가지고있었습니다.우리는 엘리베이터를 몇 번 기다려야했습니다. 긴 하루가 끝난 후에는 매우 불편합니다.로비는 50 시간과 같은 사람들로 가득했습니다.바닥은 우리 위의 사람들이 밤새도록 뛰어나고 달리는 소리가 너무 많은 소음을 전달하며 모든 단계를들을 수 있습니다.출입구, 화장실 및 Showersink 지역의 조명은 모두 움직임이 활성화됩니다.나는 이것과 함께 호텔에 머물지 않았으며 매우 성가시다.한밤중에 일어나서 방에 빛이 침수되었고 모든 조명이 짜증나면서 반쯤 깨어 났을 때 화장실을 사용해야한다는 것을 의미했습니다.당신이 움직이지 않고 조금 ~ 오래 앉아 있으면 꺼집니다.아무도 혜택을주는 정말 이상한 특징은 왜 그들이 왜 그것을 가질 지 이해하지 못합니다.","월요일 : 24 시간을 엽니 다
화요일 : 24 시간 영업
수요일 : 24 시간을 엽니 다
목요일 : 24 시간 영업
금요일 : 24 시간 영업
토요일 : 24 시간을 열었습니다
일요일 : 24 시간 영업","하숙, point_of_interest, 설립",Yes
Jakotel Namba,"1-chōme-24-13 Nipponbashi, Chuo Ward, Osaka, 542-0073, Japan",4.1,34.6654028,135.5088264,"이 호스텔은 Namba 역에서 불과 12 분 거리에있는 매우 편리하게 위치합니다.자체 서비스이기 때문에 매우 저렴합니다.입구와 복도는 작고 사회적 지역이 없지만 방과 캡슐은 넓고 편안합니다.호스텔은 매우 깨끗합니다.그들은 매일 오전 10시에서 오후 3시 사이에 그것을 청소하고 지금은 화장실에 접근 할 수 없습니다. 문제는 오전 10시에 있습니다. 이것은 나에게 너무 이르다.
안녕하세요, Instagram을 확인하십시오.체크인 할 문제가 있습니다.
돈에 대한 총 가치.누구에게나 추천합니다.
편안한.기본적인 요구가있었습니다.방에 AC가있었습니다.
예산이 한정된 사람들에게 좋은 장소.",운영 시간이 없습니다,"하숙, point_of_interest, 설립",Yes
Hotel K6 Osaka Namba,"2-chōme-5-15 Dōtonbori, Chuo Ward, Osaka, 542-0071, Japan",4.6,34.66857679999999,135.4978227,"나는 타카 요아키 경험을 한 최초의 사람이었습니다!내 자신을 만드는 것은 너무 재미 있었고 맛있었습니다!직원들은 매우주의를 기울였으며 항상 저를 도와주었습니다.
방이 내 기대를 초과했습니다!우리가 떠나고 싶었는지 확신하지 못했습니다.가라오케의 무료 시간과 24 시간의 Alchol 코너를 포함하여 오사카에 대한 늦은 밤 계획이 있습니다.
신사, 사원 및 인기있는 지역은 도보로 불과 몇 분 밖에 걸리지 않습니다.
나는 오사카에서 다른 곳에 머물지 않을 것입니다!Hightly 추천!!
방은 우리가 일본에 머무는 동안 가장 큰 것입니다.
많은 여분의 편의 시설은 재미 있고 모든 것을 생각했습니다.
위치는 완벽합니다.
청결은 향상 될 수 있습니다.
오사카의 중앙 지역에 접근 할 수있는 호텔.음료와 간식, 그리고 다양한 편의 시설과 세면 도구에 무제한 접근.독특한 경험.
우리는이 호텔에 깊은 인상을 받았습니다.서비스는 훌륭했고 모든 무료 편의 시설, 음료 및 음식은 진정한 대접이었습니다.좋은 위치도!확실히 다시 여기에 머무를 것입니다.
멋진 장소!!!우리가 일본에서 가장 좋아하는 호텔은 손을 내밀었다.그들은 모든 것을 가지고 있습니다.장식은 아름답습니다.우리가 노 흡연을 요청했을 때 흡연실처럼 냄새가났다는 작은 불만 만있었습니다.그래도 여전히 1010.","월요일 : 24 시간을 엽니 다
화요일 : 24 시간 영업
수요일 : 24 시간을 엽니 다
목요일 : 24 시간 영업
금요일 : 24 시간 영업
토요일 : 24 시간을 열었습니다
일요일 : 24 시간 영업","하숙, point_of_interest, 설립",Yes
& AND HOSTEL SHINSAIBASHI EAST,"4-chōme-3-6 Uchikyūhōjimachi, Chuo Ward, Osaka, 540-0013, Japan",4.7,34.6789923,135.5124413,"싸고 편안한 숙박을위한 훌륭한 장소.객실은 전형적인 일본 스타일이지만 정말 깨끗하고 아늑합니다.공유 욕실은 호스텔에서 가장 깨끗한 Ive입니다.가격을 위해, 그것은 당신이 일본에서 얻을 수있는만큼 좋고 Id는 확실히 다시 머물러 있습니다!
나는 일본의 어떤 호스텔에서 가장 많이 머무르는 것을 정말로 즐겼습니다.대기는 많은 사회 사람들과 대화하기 쉬운 사회 사람들이 놀랍습니다.특히, 아침 식사는 그것을 먹는 것을 좋아했습니다.가장 깨끗하고 가장 놀라운 호스텔이 포함 된 아침 식사와 함께 예약하는 것이 좋습니다. 방은 완벽했고 Showersbathroom은 훌륭했습니다.절대적으로 잘못 할 수 없습니다.아래층의 공동체도 훌륭했습니다. 나는 이런 호스텔에 머물지 않았습니다.요리 공간, 냉장고, 무료 차 및 커피 등이 너무 현대적입니다.실제로 여기 주위에 매달려있는 것을 즐겼습니다!오사카에게는 너무 저렴하고 역에 매우 편리하게 위치합니다.충분히 추천 할 수 없습니다!
지금까지 여행 한 최고의 숙박.
그 경험은 훌륭했고, 일주일 내내 굉장하고 쾌활한 영혼을 만났으며, 각각은 특히 자신의 독창성을 가지고있었습니다.
여러분 모두에게 특별한 감사를드립니다. 인생에서 최선을 다하고 목표를 달성하기를 바랍니다.
내가 오사카로 돌아올 때 확실히 돌아올 것입니다.
나는 다른 모든 훌륭한 리뷰를 고려할 때이 호스텔에 대한 높은 희망을 가지고 있었지만 솔직히, 나의 체류는 좋지 않았습니다.현금으로 지불 할 수없는 카드로 도착하면 지불했고 지불이 통과되었으며 카드 기계에서 승인을 받았으며 거래가 내 뱅킹 앱에도 표시되었습니다.나는 머무는 동안 4 번의 별도의 경우에 다가 갔다.나는 그들에게 전혀 튀어 나오지 않은 은행 앱에서 거래를 보여 주었다!그리고 직원은 나중에 다시 접근하기 전에 나중에 나를 내버려 두었습니다.나는 그들이 나를 사기하려고했는지 또는 직원 훈련이 좋지 않은지 확실하지 않지만, 내가 가질 때 항상 다시 대면 할 것 같은 느낌이 들기 때문에 체재 기간 동안 정말 불편하게 만들었습니다.이미 지불했습니다!나는 정말로 괴롭힘을 느꼈고 그것이 실수가 아니었을 때 내가 잘못한 것처럼 느끼게되었습니다.방 자체는 괜찮 았고, 매우 습한 느낌이 들었고 시트는 축축했다고 생각합니다. 이것은 에어컨 장치로 인한 것일 수 있습니다. 여기에는 온도를 25도보다 낮게 설정할 수 없거나 누출 될 수 없다는 표시가 있습니다.나는 침대에서 내 것이었던 많은 검은 머리카락을 발견하여 시트의 청결에 의문을 제기했습니다.샤워는 좋은 일본 호스텔 쇼텔보다 방의 크기가 좋았습니다.침대는 힘들었지 만 이것은 여기에서도 표준 인 것 같습니다.오후 4시 늦은 체크인도 평소보다 훨씬 늦습니다.","월요일 : 오전 8시 - 오후 11시
화요일 : 오전 8시 - 오후 11시
수요일 : 오전 8시 - 오후 11시
목요일 : 오전 8시 - 오후 11시
금요일 : 오전 8시 - 오후 11시
토요일 : 오전 8시 - 오후 11시
일요일 : 오전 8시 - 오후 11시","real_estate_agency, 하숙, point_of_interest, 설립",Yes
Backstage Osaka Hostel & Bar,"1-chōme-2-20 Kōzu, Chuo Ward, Osaka, 542-0072, Japan",4.5,34.6669785,135.5132987,"나는이 호스텔에서 일주일을 보냈고 그것은 놀라운 경험이었습니다!기숙사는 매우 깨끗하고 완전히 점유 된 경우에도 많은 프라이버시를 제공합니다.매트리스는 매우 편안했고 에어컨은 뜨거운 오사카 여름 동안 생명의 은인이었습니다.무언가가 필요할 때마다 리셉션과 바의 친절한 직원은 항상 도움을 줄 수있었습니다.바는 다른 여행자들과 연결하기에 좋은 장소이며, 지역 주민들은 종종 저녁에 들러 활기찬 분위기를 더합니다.바텐더 인 다니엘은 당신이 요청하는 모든 음료를 채울 수 있으며, 그들은 항상 최고였습니다!좀 더 프라이버시를 원했던 순간에, 나는 뒷 입구를 사용하여 막대 영역을 건너 뛰는 옵션에 감사했습니다.위치는 또한 지하철로 도보로 2 분 거리에 있으며, 슈퍼마켓과 모퉁이에서 먹을 곳이 있습니다.여기에 머무르는 것이 좋습니다!
솔직히이 장소가 너무 높은 평가를 받았다는 것은 솔직히 저를 당황하게합니다.침대가 편안합니다.일부 레스토랑과 바, 교통 수단까지 도보 거리 내에 있습니다.부정적인
AC는 12 명의 기숙사 방에서 작동하지 않습니다.내 방에있는 모든 사람들은 그것이 얼마나 더운지에 대해 이야기하고 있습니다.하나의 샤워, 1 개의 화장실, 12 명을위한 싱크대가 있습니다.싱크대의 물은 하루 종일 밤낮으로 얼마나 뜨겁다 고 고려할 때 매우 뜨겁습니다.
가방을 방에 전혀 넣을 공간이 없습니다.모두가 바닥에 물건을 흩어지게합니다.적절한 공통 영역이 전혀 없으므로 뜨거운 기숙사 방을 제외하고는 누구나 사교적이거나 식히는 곳이 없습니다.기술적으로 사교 공동체 지역의 역할을하는 바 아래층이 있지만 절대적으로 작으며 오후 3시에만 열립니다.말 그대로 하나의 테이블과 4 개의 의자가있는 바입니다.여기에 머무르기 전에 두 번 생각합니다.나는 4 박 동안 돈을 지불했고 나는 그게 나쁘기 때문에 머무르기 전에 떠날 것입니다.이 호스텔에 관한 모든 것이 오도하기 때문에 그들이 내 체류의 일부를 환불하기를 바랍니다.AC도없고 공동 실이 없습니다.
훌륭한 사람들과 훌륭한 음료와 함께 슈퍼 재미 바.나는 3 일 동안 그곳에 머무르는 것을 정말로 즐겼다.매우 편안한 침대와 깨끗한 시트가있는 세탁기와 건조기가 있습니다.나는 다음 휴가에 확실히 돌아올 것입니다.
오사카 최고의 파티 호스텔.나는 오사카에서 3 곳에 머물렀다. 그리고 이것은 내가 가장 좋아했다.훌륭한 위치, 직원들은 정말 재미 있고 침대는 훌륭했습니다.바는 또한 잘 고정되어 있으며 좋은 사람들로 가득합니다.내가 오사카로 돌아 오면 다시 여기 머무를 것입니다.
매우 친절하고 환영하며 현지 음식 제안과 일본을 탐색하는 더 나은 방법을 도왔습니다.친절한 바텐더와 후원자와 함께 뜨겁고 습한 비오는 날 후 시원한 맥주가 많이 필요했습니다.","월요일 : 오후 6시 - 오전 12:00
화요일 : 오후 6시 - 오전 12:00
수요일 : 오후 6시 - 오전 12:00
목요일 : 오후 6시 - 오전 12:00
금요일 : 오후 6시 - 오전 12:00
토요일 : 오후 6시 - 오전 12:00
일요일 : 오후 6시 - 오전 12:00","술집, 하숙, 카페, 가게, 음식, point_of_interest, 설립",Yes
Smile Hotel Osaka Yotsubashi,"1-chōme-4-12 Shinmachi, Nishi Ward, Osaka, 550-0013, Japan",4.1,34.6756964,135.4972626,"꽤 기본적인 프릴 호텔.체크인 아웃은 매끄럽고 쉬웠습니다.매일 아침 신선한 수건이 좋았습니다.직원은 영어가 매우 좋으며 친절하게 우리를 대했습니다.나의 유일한 불만은 호텔 방으로의 소리가 어떻게 새지 않는지입니다.우리는 우리가 자고있을 때 매일 아침 우리의 문 옆에 청소 직원을들을 수있었습니다. 또한 사람들이 그들의 방에서 논쟁하는 것을들을 수 있습니다.오사카 또는 다른 도시로 돌아가는 것은 여기에서 쉽습니다.당신은 그냥 호텔의 정문 바로 옆에있는 지하철을 타고 멀리갑니다.솔로 여행자 또는 저렴하고 깨끗하며 괜찮은 호텔을 찾고있는 커플에게 추천합니다.
지하철역 위에있는 편리한 위치와 비교적 조용합니다.그러나 침대와 베개는 매우 힘들어서 잠을 잘 수 없었습니다.예산이 있고 어려운 침대에서자는 데 어려움이 없다면 옵션입니다.
좋은 숙박.자신의 목욕 가운, 칫솔 등을 선택하십시오. 문제 없습니다.호텔에서 우회전하면 지하철로 향하는 지하 길로 곧바로 갈 수 있습니다.
방은 작지만 조용하고 깨끗했습니다.그것은 훌륭한 욕조와 함께 제공되었습니다.우리가 만난 모든 프론트 데스크 멤버들은 정말 좋은 영어를 사용했으며 항상 도와 드리겠습니다.위치는 Morinomiya와 Shinsaibashi 라인의 지하 입구에 가깝습니다.
Graveyard Shift 프론트 데스크 직원은 그들이 당신을 미워하고 하루 종일 직원처럼 당신을 환영하지 않는 것처럼 당신을 눈부신 것입니다.따라서 당신의 경험은 당신이 들어가는 사람들의 변화에 ​​따라 다릅니다.비행이 지연되어 묘지 눈부심을 얻었습니다.나는 비 흡연을 예약했지만 그들은 나를 담배를 피웠다.그런 다음 그들은 다음날 방을 바꾸겠다고 동의했지만 직원들 사이에 잘못된 의사 소통이 있었고 메모로 만들지 않았습니다.그런 다음 프론트 데스크는 그 변화를 부인하고 일본어로 나를 나쁜 입으로 나쁘게 시작했습니다.그들은 전형적인 외국인처럼 방 변화에 대해 거짓말을해야한다고 서로에게 소리를 냈다.그래서 나는 그에게 내가 전화했을 때와 내가 말한 사람과 내가 거짓말 쟁이가 아니었다는 것을 정확히 알려주었습니다.그는 물론 당신이 말하는 것에 대해 예의 바르게 대답했습니다.일부는 뱀이 아닙니다. 일부는 미친 듯이 공손했지만 뱀이 있으므로 조심하십시오.그는 유창한 영어 사용자 일지 모르지만 일본어로 당신을 쓰레기로 만들 때 영어로 공손합니다.따라서 영어를 사용하는 직원이 필요하다면 당신은 당신이 운이 좋은 행운을 느끼는 것을 결코 알지 못할 것입니다!",운영 시간이 없습니다,"하숙, point_of_interest, 설립",Yes
GUEST HOUSE MATSU,"1-chōme-2-20 Matsu, Nishinari Ward, Osaka, 557-0034, Japan",4.2,34.6405285,135.4951355,"나는 약 2980 엔을 위해이 장소를 얻었고 솔직히 나는 불평 할 수 없다.직원 특히 Jen과 Honoda는 지금까지 일본에서 만난 가장 친근한 사람이었습니다.그리고 호스텔의 직원은 그것이 좋든 나쁘 든다면 모든 차이를 만듭니다.그것에 의지하지 말고 내가 거기에 있었을 때 그들은 우리에게 가벼운 간식과 음료를 제공했습니다.샤워, 욕실 및 휴식 지역과 같은 시설은 모두 깨끗했습니다.그리고 휴식 지역은 당신을 압도하지 않는 적당한 양의 침대처럼 느껴졌습니다.솔직히 말해서 내 침대 커튼이 약간 떨어졌지만 아마도 햇빛을 내버려 두는 것이 더 나을 것입니다. 나는 두 가지 불만이 있었는데, 그로 인해 별을 잃어 버렸습니다.1, 수면 공간은 깨끗하지만 이상한 이상한 냄새가 났을 것입니다.나도 일어 났을 때 코가 답답 해졌다.이것은 정말 큰 일이 아니 었습니다. 나는 침대가 굉장합니다.그러나 굉장한 점은 필사적으로 직원들에게 베개입니다.이 베개는 내가 술집에서 잤던 최악의 베개입니다.나는 그 아래에 큰 담요를 그 아래에 놓아 밤을 수면을 견뎌낸 다음 작은 담요로 잠을 잘 수 있습니다.여기서 자고 있다면 여분의 두 명에게 물어보세요. 나중에 감사합니다
내가 틀렸을 때 나는 그곳에 머물렀을 때 호스텔을 사랑했다. 정말로 나를 괴롭힌 유일한 것은 그녀가 유대인이고 이스라엘 출신이기 때문에 그녀가 정말로 부적절했던 노동자라는 스무어라는 것이었다.
내가 호스텔 소유자라면 나는 처음에 그녀를 고용하지 않을 것입니다.
이층 침대 옆 바닥에 두꺼운 먼지 층, 코골이 및 손톱 깎기.언더 레이어 매트리스에 뚜렷한 크기의 드라이브 업 구토 패치.아고다의 가격이 약 2400 명 이었지만 직원조차도 3000 엔을 사기를 시도한 사람조차도 좋았습니다. 대체로, 클래식 오사카 경험, 1010은 결코 돌아 오지 않을 것입니다.그래도 침대에서 돈을 절약 할 수있는 괜찮은 곳입니다.
친구와 나는 일본 전체를 한 달 동안 여행하고 있습니다.이곳은 내가 우리가 얼마나 좋아했는지에 대한 리뷰를 작성해야한다고 생각한 유일한 곳이었습니다.우리는 3 박 동안 머물렀고 실제로 우리가 가장 좋아했기 때문에 더 오래 머물기를 바랐습니다.모든 호스텔 중에서 가장 깨끗한 마일로 가장 쉬웠습니다.직원들은 매우 친절하고해야 할 일을 찾는 데 도움이되었습니다.그곳에서 일한 2 명의 호주인 Kyle과 Calem은 환상적이었습니다.훌륭한 음식 조언은 특정 일이 할 가치가 있는지 여부에 대해 정직했으며 엄청나게 친절했습니다.다음 여행에 100이 돌아올 것입니다!
나는 그 장소에서 밤을 보냈고 행복했다.나는 체크인 시간을 말하는 것을 잊었을 때에도 집주인이 예약을 유지하게되어 기쁩니다. 몇 시간 늦었습니다.객실은 깨끗하고 잘 통풍이 잘되었습니다.
이 장소는 지하철역 근처에서 도보로 710 분 거리에 있지만 찾기가 쉽습니다.솔로 여행자에게는 좋은 숙박입니다.",운영 시간이 없습니다,"하숙, point_of_interest, 설립",Yes
karaksa hotel Osaka Namba,"2-chōme-9-13 Nishishinsaibashi, Chuo Ward, Osaka, 542-0086, Japan",4.4,34.6705808,135.4989305,"훌륭하고 매우 도움이되는 직원과 넓고 깨끗한 객실이있는 놀라운 호텔.창문이 열리지 않고보기가 없지만 우리가 편안한 잠을자는 곳이 필요했기 때문에 우리에게는 문제가되지 않았습니다.로비 247에서 무료 청량 음료, 커피, 심지어 말차와 아이스 말뚝 라떼와 작은 간식을 얻을 수 있습니다!세탁기도 있습니다.위치도 매우 좋습니다.오사카에서 놀라운 숙박에 감사드립니다!추신 : 방금 다른 리뷰를 읽었고 엘리베이터의 선물을 대가로 좋은 리뷰를 할 수 있다고 엘리베이터의 표지판을 읽지 않았습니다. 이것은 호텔에 대한 나의 정직한 의견입니다.매우 이상적인 위치에있는 간단한 호텔로, 모든 상점과 식당이있는 오사카 도톤 부리, 남바 센터, 신사이바시 등의 중심부에 걸어 다니고 있습니다.또한 오사카 기차역에서 도보 거리에 있습니다.호텔은 깨끗하고 침대는 편안하며 객실은 일본 표준에 상당히 좋은 크기입니다.우리는 또한 방 안에 별도의 샤워 시설과 화장실이 있습니다.그들은 로비와 세면 도구에서 무료 음료를 제공합니다.도움이되는 직원.
다른 위치와 서비스는 여기에 머물기를 선호하지 않습니다.그 가치는 다른 도시에서 우리가 즐겼던 것보다 훨씬 적습니다.리뷰가 높았던 내 잘못이지만 호텔은 실제로 3 성입니다.단점은 차단 된 창, Akwardtight 화장실 문, 낮은 대기 질이었습니다.전문가는 위치와 서비스였습니다
자신에게 호의를 베풀고이 호텔을 예약하지 마십시오.우리가 본 첫 번째 붉은 깃발은 엘리베이터의 광고는 선물과 대가로 5 개의 스타 리뷰를 작성하는 것이 었습니다.우리 방에 들어가면 너무 심하게 제련되었고 가습기가 켜져 있더라도 공기는 극도로 곰팡이가 많았습니다.AC를 켜면 AC에서 방출되는 냄새가 오랫동안 청소되지 않은 것처럼 냄새가 악화되었습니다.우리 방의 벽은 내려졌고 우리가 3 성급 호텔이 아닌 모텔에 머물고있는 것처럼 정직하게 느꼈습니다.그들은 우리가 다른 호텔이 일본에 머무르는 것처럼 전체 병이었을 것이라고 생각했던 무료 간식과 음료를 광고하지만, 물이 묻힌 음료가있는 단일 소다 분수였습니다.간식은 작은 단일 포장 간식으로 매우 오래되고 의심 ​​스러웠습니다.나는이 호텔에 다시 머물지 않을 것입니다.
우리 방의 airconditioner는 매일 냉각을 멈췄습니다.당신은 창문을 열 수 없어서 너무 뜨거워 질 수 없습니다. 나는 리셉션에 갔고 그들은 실내 온도를 원격 제어하는 ​​것처럼 보였고 그들은 고정되었다고 말했습니다.나는 매일 다양한 Timessometimes Midnight에서 이것을해야했다.그렇지 않으면 좋은 아침 식사와 항상 모든 음료 기계에 무료로 접근하기에 좋은 곳입니다.","월요일 : 24 시간을 엽니 다
화요일 : 24 시간 영업
수요일 : 24 시간을 엽니 다
목요일 : 24 시간 영업
금요일 : 24 시간 영업
토요일 : 24 시간을 열었습니다
일요일 : 24 시간 영업","하숙, point_of_interest, 설립",Yes
Hotel Nikko Osaka,"1-chōme-3-3 Nishishinsaibashi, Chuo Ward, Osaka, 542-0086, Japan",4.2,34.6739002,135.4997105,"나는 일반적으로 Hotel Nikko Osaka에서 어색한 서비스를 경험했으며, 언어 장벽으로 인한 것인지 아니면 사람들이 여기에서 덜 친절한 지 확실하지 않습니다.한 가지 재미있는 사례는 리셉션이 도시 세금을 요청한 시점이 불편한 것처럼 보였을 때, 우리가 거절하기를 기대하는 것처럼, 우리가 돈을 지불 할 준비가되어 있었지만 경험이 풍부한 관광객이었던 것입니다.세탁실이 없다고 설명했을 때 서비스는 이상했습니다.또 다른 이상한 순간은 내가 여분의 클렌징 폼을 요청했을 때였고 대신 클렌징 크림을 건네주었습니다.그것은 영어를 이해하는 데 문제가 아니 었습니다. 제품은 명확하게 표시되어 있습니다.이 어색한 순간에도 불구하고, 우리의 체류는 멋진 경험으로 구속되었습니다.객실과 침대는 매우 편안했으며 오사카 최고의 거리를 환상적인 전망을 제공하며 호텔 건너편에 브랜드 상점이 있습니다.아침 식사 뷔페는 놀랍습니다. 아마도 우리가 일본으로 여행하는 동안 우리가 가진 최고 일 것입니다.또한, 다른 외국인 직원들은 좋은 영어를 말하고 우리의 필요에 잘 참석했습니다.
정말 사랑스러운 호텔과 오사카에있는 장소 인 Dotonbori와 매우 가깝습니다.10 층에있는 우리 방은 일본 표준에 정말 큰 것이었고, 멋진 전망을 가졌으며, 걸어 다니며 돌아 다니면서 시간을 보낸 후 휴식을 취하기에 멋진 장소였습니다.포인트와 오프 코스에서도 매우 친절합니다.
호텔의 주요 매력은 신사이바시와 도톤 보리의 중심부에 위치하여 쇼핑, 식사 및 다양한 활동에 쉽게 접근 할 수있는 위치입니다.다른 중요한 지역과 가까운 도심에 편리하게 위치하고 있습니다.그러나 객실은 구식과 작고 매우 쾌적하지 않았습니다.서비스와 직원은 예의 바르고 도움이되었으며, 그와 관련하여 불만이 없었습니다.나는 또한 그들의 아침 식사를 즐겼다.나는이 호텔을 객실 품질이나 사치보다 우선 순위를 정하는 사람들에게 추천합니다.
호텔에는 지하철 바닥에 직접 엘리베이터가 있습니다.여행은 매우 편리합니다.직원은 매우 친절하고 서비스는 매우 좋습니다.우리는 7 일 동안 머물렀다.며칠 동안 비가 내렸다.직원들은 우산을 우리에게 가져 왔지만 그날 우리는 교토에 갔기 때문에 비가 아닙니다.매일 청소 직원이 있습니다.Dotonbori까지 약 5 분, America Mura까지 2 분.기회가 있다면, 확실히 돌아가서 다시 여기 머무를 것입니다.나는 친구가 친구에게 추천하는 것처럼 진심 으로이 장소를 추천합니다.훌륭한 서비스와 방은 컸습니다.모든 쇼핑 및 식사 요구에 완벽한 위치.또한 플러스 인 기차역에 부착되어 있습니다.",운영 시간이 없습니다,"하숙, 식사 _takeaway, 식당, 가게, 음식, point_of_interest, 설립",Yes
HOTEL FORZA OSAKA KITAHAMA,"2-chōme-2-21 Imabashi, Chuo Ward, Osaka, 541-0042, Japan",4.4,34.690275,135.5061942,"우리는 Forza에서 좋은 숙박을했습니다.입구는 주요 도로의 옆으로 떨어져 있으므로 놓칠 수 있습니다.직원들은 매우 좋고 친절했고, 우리에게 좋은 방향과 식사에 대한 추천을주었습니다.우리를위한 공간은 충분히 편안했고, 리셉션에는 무료 커피, 핫 초콜릿 냉수 및 온수가 있습니다.레벨 2에는 2 개의 세탁기와 2 개의 건조기가 사용할 수 있습니다.우리는이 가격대를 위해 넓은 객실이있는 사랑스러운 호텔 감사합니다.방은 깨끗하고 항상 냄새가났다.그들은 또한 긴 하루의 관광 후에 훌륭한 마사지 쿠션을 가지고 있습니다.훌륭한 위치.그들은 잠자기를 제공하며 로비에 욕실 편의 시설 뷔페가 있습니다.그들은 또한 로비에 커피 머신과 찻집을 무료로 가지고 있습니다.돈과 편안한 숙박을위한 전반적으로 탁월한 가치.
전반적으로 머물기에 좋은 장소입니다.호텔 객실이 식히는 데 시간이 걸렸지 만 일단 호텔 방은 차가워졌습니다.도보 23 분, 호텔에서 도보로 약 8 분 거리에있는 갈색 선 스테이션이 있었기 때문에 위치는 꽤 괜찮 았습니다.근처의 음식 선택은 많지 않지만 조금 여행을하지 않으면 더 많은 선택을 찾을 수 있습니다.방 크기는 괜찮 았지만 호텔은 방에 물을 제공하지 않았습니다.그들은 로비에서 무료 커피와 물을 제공합니다.옷장 공간이 없거나 침대 공간 아래에 수하물을 배치 할 수 있으므로 사용 가능한 제품으로 인해 만들어야합니다.
방은 매우 넓고 깨끗하며 깔끔했습니다.방에는 마사지 쿠션이 있었고 밤에는 휴식을 취하기에 좋았습니다.직원들은 친절합니다.아침 식사 뷔페가 좋았습니다.호텔의 위치는 기차역에서 약간 멀리 떨어져 있었지만 도보로 510 분 이었지만 여전히 허용됩니다.
좋은 장소, 꽤 좋은 아침 식사.이상한 것은 공간 청소를 요청할 때 컵을 씻지 않는다는 것입니다.매우 느린 리프트.","월요일 : 24 시간을 엽니 다
화요일 : 24 시간 영업
수요일 : 24 시간을 엽니 다
목요일 : 24 시간 영업
금요일 : 24 시간 영업
토요일 : 24 시간을 열었습니다
일요일 : 24 시간 영업","하숙, point_of_interest, 설립",Yes
Dormy Inn Premium Osaka Kitahama,"1-chōme-6-7 Kōraibashi, Chuo Ward, Osaka, 541-0043, Japan",4.4,34.689312,135.5079474,"호텔은 실제로 시설과 위치입니다.그러나 일본 여성 직원 중 한 명이 너무 무례하고, 나는 이미 그녀에게 일본어로 말하고 그녀의 태도는 너무 나쁘다.그녀는 온천 지역의 포스터에 언급 된 온천을위한 특수 목욕 욕조가 있다는 것을 알지 못하며 호텔 손님은 프론트 데스크에서 그것을 얻을 수 있습니다.그러나 그녀의 태도는 제가 일본 친구에게 그녀에게 물어달라고 요청했을 때 180도 바뀌 었습니다.이것은 말도 안됩니다.그래서 당신이 외국인을 환영하지 않는다면, 당신은 당신의 웹 사이트에 우리가 환영받지 못한다고 말하는 것을 게시하고 우리는 분명히 여기에 머물지 않을 것입니다.
우리 2 명의 성인과 2 명의 아이들이 4 월 초에 일주일 동안 머물 렀으며 우리는이 호텔을 좋아합니다!아이들은 매일 온천과 무료 아이스크림을 좋아합니다.또한 945pm 이후의 자유라면도 훌륭했습니다.그러나 우리는 저녁 식사 후에 매일 너무 가득 차 있었고 무료라면을 두 번 먹었습니다.지하철역 근처에는 멋진 슈퍼마켓이 있었고 편리했습니다.메인 스트리트 근처의 커피 숍도 좋았습니다.이 호텔은 가장 관광지에 있지 않지만 조금 조용했기 때문에 좋아합니다.
이곳은 대접이었다!조용한 온천과 세탁 건조기와 같은 Lotsa Freebies는 100yen이지만 2 라운드, 2 개의 마사지 의자, 아침에는 무료 야만식 음료, 오후 저녁에는 무료 아이스크림 및 아이스크림 바, 오후 9시 30 분 후 무료라면을 수행해야합니다.우리는 2 개의 침대가있는 방을 예약했습니다.넓고 편안했습니다.위치는 최고는 아니지만 우리는 여전히 우리의 체류를 즐겼습니다.좋은 레스토랑은 많지 않으며 비즈니스 지구가 더 많습니다.고급 간식을 구매하고 싶다면 많은 멋진 상점.Kitahama 역과 편리한 상점에서 단계.
객실은 훌륭합니다.우리는 두 개의 더블 침대를 가지고있었습니다.방에는 작은 냉장고가 있습니다.호텔은 최상층에 온천이 있으며, 두 개의 뜨거운 욕조, 하나는 내부와 외부, 사우나 및 차가운 욕조가 있습니다.나의 유일한 불만은 낮 시간 동안 음식 옵션의 lacj입니다.근처에 몇 개의 편의점이 있지만 대부분의 식당은 530pm까지 열리지 않습니다.스테이션이 가까워지기 때문에 큰 거래가 아니었고 단순히 다른 정거장으로 갈 수 있습니다.전반적으로 훌륭한 호텔.
음식은 시아트 베드 매트리스 Airweave가 바위만큼 단단합니다.저렴하고 서브 파 품질.나는 내 개 조차도이 정크 매트리스에 누워있는 시간을 낭비하고 싶지 않다고 생각합니다. 베개는 5 박으로 예약 된 것처럼 얇습니다.이 두 번째 밤이지만 즉시 허리 통증과 목 통증을 원한다면 주저하지 마십시오.여기에 밤을 예약하십시오.1 박 만 있으면됩니다.예약은 이제 4 일 밤에 잠을 잘 수 없어서 아침에 238am에 글을 쓰고 나서이 두 번째 입장 시간을 통해 힘을 줄 수 없으며, 마침내 힐튼 오사카에서 남은 밤을 예약하기로 결정했습니다.그들은 세타 베드 매트리스가 있습니다",운영 시간이 없습니다,"하숙, point_of_interest, 설립",Yes
Richmond Hotel Higashi Ōsaka,"1-chōme-3-16 Nagatanaka, Higashiosaka, Osaka 577-0013, Japan",4.1,34.6783011,135.5897897,"근처에 위치한 레스토랑과 슈퍼마켓이있는 지하철 역까지 5 분.방은 매우 깨끗하고 잘 관리되어 있으며 철, 슬리퍼 및 두 가지 유형의 베개와 같은 다양한 시설이 부드럽고 단단합니다.공기 청정기와 미니 냉장고도 함께 제공됩니다.직원의 도움에 가장 깊은 인상을받은 나는 주요 도로에 직면하지 않고 높은 층의 조용한 방을 요청했으며 그들이 찾고 있던 정확한 유형의 방을 할당 한 것을 알게되어 기뻤습니다.또한 손님이 청소 옵션을 선택하고 인근의 권장 식당을 찾을 수있는 내부 평면 패널도 있습니다.나는 나의 체재에 너무 만족한다. 오사카를 다시 방문한다면 확실히 돌아올 것이다!
서비스는 예외적입니다.우리는 금연 공간을 예약 할 수 없었지만 체크인 당일에 그들은 무료로 묻고 묻는 질문이없고 질문이 없을 때 우리에게 비 흡연실로 바뀌 었습니다.이제 1 명의 손님을 위해 2 개의 객실을 청소해야한다는 사실에 대해 조금 미안하다고 느꼈습니다.그 외에도 그들은 끔찍한 방과 시설, 좋은 상품, 좋은 모든 것을 얻었습니다.오사카에 들러서이 호텔에 기회를주십시오.
예상보다 크게 예약하기 전에 리뷰를 읽고 있었고 그들은 모두 작지만 방은 특히 일본에게는 완벽하게 괜찮습니다.직원들은 친절하고 환영하며 모든 질문을 도울 준비가되었습니다.2 층에는 멋진 음료와 알코올을 판매하는 자판기가 있으며 같은 방에 전자 레인지가있는 세탁기가 있습니다.그들은 매일 수건을 바꾸고 침대 등을 만듭니다.지하철은 나가 타 (Nagata)라고 불립니다. 출구 1을 통해 나가는 말 그대로 100 피트 떨어져 있습니다.너무 편리합니다.현장에 주차장도 있습니다.확실히 돌아올 것입니다.정말 감사합니다. 리치몬드!
위치, 숙박 시설, 서비스 및 가격에 상관없이 훌륭하지만 방을 제외하고는 특히 침대 크기에 약간 작습니다.우리는 성인 2 명과 어린이 두 자녀가 무료로 예약되었습니다.그러나 침대는 두 명의 성인에게만 충분합니다.그들이 그러한 문제를 개선 할 수 있다면, 나는 그들에게 5 개의 별을 확실히 주어야합니다.
숨겨진 보석.객실 크기는 평균 이상입니다.아침 식사는 괜찮습니다.리셉션이 도움이됩니다.비트 날짜가 있지만 제대로 개조되었습니다.지하철 노선은 바로 옆에 있습니다.",운영 시간이 없습니다,"하숙, point_of_interest, 설립",Yes
Natural Hot Spring Hanakaze-no-yu Onyado Nono Namba,"1-chōme-4-18 Nipponbashi, Chuo Ward, Osaka, 542-0073, Japan",4.3,34.667985,135.506326,"나는 최근에 머물면서 멋진 경험을했습니다.방은 좋았고 편안한 숙박을 제공했습니다.이 호텔의 독특한 측면은 로비에서 신발을 제거하고 사물함에 보관해야한다는 것입니다.전체 호텔에는 타타미 표면이있어 일본의 전통적인 느낌을줍니다.자연적인 수조는 하이라이트로 편안하고 활력있는 경험을 제공했습니다.아침 식사는 일본적이고 훌륭했으며, 우리가 진정으로 사랑하는 일본의 맛을 제공합니다.전반적 으로이 호텔은 전통적인 터치와 우수한 편의 시설에 대한 정통적이고 즐거운 일본 경험을 제공합니다.
전반적으로, 그것은 좋은 위치에있는 구식 호텔입니다.기차역과 도톤 부리가 매우 가깝습니다.위치는이 장소에서 유일한 좋은 것입니다.우리는 Chase Travel Portal을 통해이 호텔을 예약했습니다.분명히, 호텔은 우리가 예약을했을 때 주목되지 않은 객실 청소에 대해 추가 요금을 청구합니다.손님은 매일 방 밖으로 쓰레기통을 남겨 둘 것으로 예상되었지만 호텔은 추가 쓰레기 봉투를 제공하지 않았습니다..아침에 호텔 복도는 모든 쓰레기 봉지가있는 전쟁 지역과 함께 사용되었으며 잠옷을 입은 잠옷이 주변에 놓여 있습니다.벽은 매우 얇고 벽지가 벗겨졌습니다.우리는 10 층에 있었고 항상 교통량을들을 수 있습니다.집 청소는 오전 9 시경에 시작하여 내 방에서 진공 청소기가 크고 깨끗하게 들릴 수 있습니다.우리는 킹 침대를 예약했습니다.실제로 두 개의 침대가 함께 자고 잠을자는 것이 매우 불편했습니다.Socalled Welcome Beverage는 로비에서 자체 봉사를위한 Coffeetea 컨테이너 일뿐입니다.호텔 아침 식사는 1 인당 2300 년 이었지만 음식은 그다지 좋지 않았습니다.동일하거나 저렴한 비용으로 근처에 훨씬 더 나은 아침 식사 옵션이 있습니다.이 서비스는 미묘하고 조직화되지 않았습니다.일본의 환대에 대한 나의 기대를 충족시키지 못했습니다.
우리 가이 장소를 얼마나 좋아했는지 표현할 수는 없습니다.이것은 일본에서 한 달 동안 긴 여행에서 우리가 가장 좋아하는 체류였습니다.
객실은 훌륭하고 넓었습니다
Onsen은 우리가 일본에서 방문한 최고의 것이 놀랍습니다.
서비스는 훌륭했습니다
그들은 땅콩 알레르기가 있었을 때 내 생명을 구하고 직원 중 한 명이 구급차에 머물면서 필요한 모든 정보를 번역하는 데 도움을주었습니다.
우리는 일본으로 돌아올 때 마다이 장소를 방문하고 있습니다.
나를 위해 일본에서 최고의 숙박.큰 가치와 더 나은 체류.Kintetsu Nippombashi Station 근처에 위치합니다.많은 음식과 편리한 가게가 근처에 있습니다.밝고 편안한 방.모든 것이 좋았습니다.나는 아침 식사 뷔페 때문에 여기에 머물렀고 다시 돌아가고 싶다.나는 신발이없는 호텔 주위를 걷는 것을 좋아합니다.
좋은 위치, 평균 호텔.방은 벽에 깨끗한 얼룩, 바닥에 머리카락이 없었습니다.그들은 당신에게 지금까지 본 것 중에서 가장 아픈 베개 두 개를주고, 나는 목이 아픈 목으로 일어났습니다.외국인으로서 나는 그곳에서 매우 환영받지 못했습니다.손님의 대다수는 일본인이었고 나는 많이 쳐다 보았다.
Onsens No Tattoo 정책은 2024 년에 말도 안됩니다. 나는 여자가 발견되지 않은 문신으로 공개적으로 목욕하는 것을 보았고 아무도 그녀에게 아무 말도하지 않았으므로 정책이 얼마나 많은지 알지 못합니다.그들이 나에게 준 문신 덮개가 내 팔에 발진을 일으켰습니다.
Noshoes 호텔로서 나는 슬리퍼가 제공 될 것으로 예상했지만 양말 만 제공했습니다.다타미 매트가 미끄러 져서 거의 몇 번 떨어 졌기 때문에 조심하십시오.",운영 시간이 없습니다,"하숙, point_of_interest, 설립",Yes
Air Osaka Hostel,"2-chōme-9-19 Kitakagaya, Suminoe Ward, Osaka, 559-0011, Japan",4.5,34.6222589,135.4769605,"직원들은 매우 친절하고 도움이되었습니다.침대는 편안하고 깨끗했습니다.위치는 도심에서 조금 멀지 만 기차로 여전히 접근 할 수 있습니다.주인은 매우 시원했고 우리를 일부 지역 장소로 동반했습니다.생성 된 환경은 솔로 여행자가 친구를 쉽게 만들 수있게합니다.내가 가진 최고의 호스텔 경험.감사합니다 Tomo!
바쁜 중앙 오사카에서 너무 많은 동네에서 일본에서 첫 번째 정류장에 적합했습니다.호스텔은 친절한 직원들과 너무 편안했고 현지 음식에 대한 유용한 권장 사항!돌아올거야!
나는 에어 오사카에서보다 어딘가에 머물면서 집에서 더 안전하다고 느끼지 않았다.가장 친근한 직원과 전반적인 분위기는 온통 가장 친절한 영혼을 끌어들이는 것 같습니다!10010 여기에 머무르는 것이 좋습니다.
진정한 호스텔 경험.방은 사진이 사진처럼 보이는 것만 큼 좋은 곳이 없었습니다.벽은 그들이 무너지기 시작한 것처럼 보였습니다. 어떤 방법으로는 거래 차단기가 아니었지만, 우리가 바퀴벌레를 발견했을 때, 우리는 여기에 머물 수 없었습니다.주인은 매우 도움이되었고 밤 동안 우리를 상환하고 문제가 돌볼 수 있도록 보장했습니다.
세계 최고의 소셜 호스텔 중 하나.오사카를 즐기고 싶다면 이곳은 머무를 곳입니다.Yotsubashi 라인에 2 분 도보로 이용됩니다.호스텔의 바와 코타 츠 지역은 친구를 사귀고 긴장을 풀고 예술과 음악을 즐기기에 좋은 곳입니다.보스와 자원 봉사자들은이 장소를 따뜻하게 만듭니다.고양이는 침대를 따뜻하게 만들 수 있습니다!","월요일 : 3:00 - 10:00 pm
화요일 : 3:00 - 10:00 pm
수요일 : 3:00 - 10:00 pm
목요일 : 3:00 - 10:00 pm
금요일 : 3:00 - 10:00 pm
토요일 : 3:00 - 10:00 pm
일요일 : 3:00 - 10:00 pm","술집, 하숙, point_of_interest, 설립",Yes
Meander Osaka,"1-chōme-5-16 Motomachi, Naniwa Ward, Osaka, 556-0016, Japan",4.2,34.6645533,135.4970475,"이것은 깨끗한 호텔입니다.인기있는 Dotonbori까지 도보 거리.직원들은 매우 친절하고 아래층 로비는 편안합니다.객실은 작고 욕실은 매우 작습니다.AC는 계속 25로 재설정되어 아침에 매우 따뜻해졌습니다.그것은 돈에 대한 큰 가치이지만 당신이 많이 머물기를 원하는 방을 기대하지 않습니다.
호텔은 운송과 오사카에서 방문하고 싶은 곳과 가깝고 완벽하게 위치했습니다.
방은 우리에게 필요한 모든 것을 가지고 있었고, 직원들은 좋았으며 우리는 하루 종일 로비에서 무료 커피를 감사했습니다.돈을위한 큰 가치!
멋지고 깨끗한 방.편안한 침대.AC, TV, 미니 냉장고 등이 호텔은 훌륭하고 저렴합니다!나는 오사카에있을 때 확실히 여기에 머무를 것입니다.지하철과 JR 열차 라인까지 도보로 짧은 도보!
날짜를 다시 예약 할 때 찢어졌습니다.신선한 예약시 인터넷의 광고 요금보다 가격이 상승하는 방법.예산 가격에 좋은 옵션, 취소 가능한 옵션을 얻거나 계획이 변경되었다고 확신하십시오.
커튼에 피.글쎄, 그거 좋은 시작이야?방은 작습니다.솔직히, 이것을 준비하십시오.나는 일본의 많은 작은 방에 머물 렀지 만 이것은 케이크를 가져갑니다.쓰레기 캐러밴에 머무르는 것과 같습니다.방은 깨끗하지 않았고, 우리는 단지 2 박 후에 탈출하게되어 기뻤습니다.이 지역도 그리 좋지 않으며 큰 실망이었습니다.나는 누구 에게도이 호텔을 추천하지 않을 것입니다.모든 비용을 피해야하는 날짜가있는 호텔.",운영 시간이 없습니다,"하숙, point_of_interest, 설립",Yes
Agora Place Osaka Namba,"1-chōme-9-7 Sennichimae, Chuo Ward, Osaka, 542-0074, Japan",4.6,34.66730440000001,135.5038961,"당신이 내 메시지에 어떻게 응답하는지 재밌게 우리 방을 잘못 생각하지 않습니다!!!!예약이 정확하고 당신은 우리 방을 존중하지 않을 때 여행사를 비난합니다!!지금까지 환상적인 일본 휴가의 최악의 경험.여행 에이전트를 체크인 할 때 예약에 명확하게 표시된 2 배의 객실과 1 개의 트윈 침대 1 개를 예약했습니다.점검 I. 직원 엄청나게 무례한, 도어 키는 작동하지 않으며 방에 들어가면 두 방 모두 더블 침대가 있습니다!!우리가 명확하게 예약하고 쌍둥이를 지불했을 때.리셉션으로 돌아가는 메신저 나는 여행사 문제라고 들었고 그들은 완전히 예약되어 다른 일을 할 수 없었습니다!!나는 우리 여행 파티가 터무니없는 작은 이중 더블 침대를 공유 할 수 없다고 말했다.우리는 두 개의 방 1 개의 쌍둥이 침대를 예약 한 다음 나는 여행사가 문을 닫았을 때 일요일 밤에 항상 끔찍한 서비스를 항상 취소 할 수 있다고 들었습니다.여기에 예약하지 마십시오!!!객실은 작은 것보다 작습니다. 더블 침대는 왕과 같습니다. 지붕은 폐소 공포증이 너무 낮습니다!!!
일본에서 우리의 멋진 숙박으로 끔찍한 끝
호텔은 깨끗하고 방은 두 개의 큰 수하물로 여행하는 부부에게는 좋은 크기입니다.호텔은 칫솔, 치약, 헤어 넥타이, 로션, 메이크업 리무버, 면도기, 샤워 스폰지 등과 같은 잊을 수있는 모든 것을 제공합니다.매일 하우스 키핑은 오후 12시 이전에 문에 표시를 두는 게 손님의 요청에 의한 것입니다.위치는 놀랍습니다.지하철역은 호텔 바로 앞에 있습니다.Dotonburi Street는 호텔 뒤에서 짧은 도보 거리에 있습니다.일본 오사카에 머무는 경우이 호텔을 강력히 추천 할 것입니다.
위치는 굉장합니다.아케이드와 저렴한 길거리 음식에 가깝습니다.합리적인 가격의 숙박.아침 식사가 어떻게 작동하는지 약간 혼란스러워합니다.하지만 그들이 당신에게 그것을 제공한다면 좋습니다.더 많은 것을 요구할 수 없었습니다.샤워는 폭발이었다.넓은 것 같습니다.
우리는 4 박 동안 여기에 머물 렀습니다.위치는 모든 것의 중심에 있고 Dotonbori와 매우 가깝습니다.지하철과 택시 스탠드는 바로 바깥에 있습니다.방은 좋으며 욕실은 샤워기와 분리되어 있으며 샤워에는 강한 수압과 뜨거운 물이 있으며 AC가 훌륭한 AC가 있습니다.위치를 고려할 때, 객실 공간은 우리에게 좋았으며, 2 명의 성인 및 1 명의 유아가있었습니다.또한 헤어 넥타이, 면도기, 세탁소 등과 같은 손님에게는 무료 품목이 있으며, 모두 작은 팬과 다리미가있는 로비에 위치하고 있습니다.로비에서 계량 규모와 Money Exchange 기계를 사용할 수도 있습니다.우리를위한 유일한 단점은 아침 식사였습니다.매우 실망 스러웠습니다.4 개의 다른 빵과 사과 주스 만 얻는다는 것은 광고되지 않았으므로 예약하는 동안 우리가 가져야 할 것보다 더 많은 비용을 지불했습니다.로손은 바로 옆에 있으므로 빠른 식사를 원한다면 아침 식사를하는 것이 훨씬 저렴합니다.따라서 아침 식사를 미리 예약하지 않고 체크인 할 때까지 기다리는 것이 좋습니다.대체로, 우리의 체류는 좋았습니다.
아마도 그들이 당신에게주는 방에 따라 다르지만 6 층에 있지만 지하실에 사는 것처럼 느껴집니다.매우 어두운 방, 창문이 흐려졌지만 어쨌든 중요하지 않습니다. 10cm 만 열린 다음 1m 떨어진 콘크리트 벽을 봅니다.
방은 일본의 경우 넓지 만 실용적이지는 않습니다.예를 들어 입구 근처에 라이트 스위치가 없습니다.","월요일 : 24 시간을 엽니 다
화요일 : 24 시간 영업
수요일 : 24 시간을 엽니 다
목요일 : 24 시간 영업
금요일 : 24 시간 영업
토요일 : 24 시간을 열었습니다
일요일 : 24 시간 영업","하숙, point_of_interest, 설립",Yes
Hotel Keihan Yodoyabashi,"2-chōme-4-6 Kitahama, Chuo Ward, Osaka, 541-0041, Japan",4.1,34.6911923,135.5048505,"도시의 멋진 장소에있는 멋진 깨끗한 호텔은 모든 주요 도로에서 제거되어 멋지고 조용합니다.오사카 지하철에 쉽게 접근 할 수 있으므로 오사카의 놀라운 부분에서 20 분을 넘지 않습니다.호텔 자체는 깨끗하고 넓은 로비로 좋아 보입니다.직원들도 매우 도움이됩니다.세탁기 기계가 끔찍하기 때문에 나머지는 훌륭하기 때문에 서비스를 위해 별 4 개만 제공했습니다.
오사카에 중앙에 위치하고 있으며 여러 지하철역 및 관광지에 가깝습니다.호텔은 매우 깨끗하고 편안합니다.훌륭한 서비스.아침 식사 뷔페도 정말 좋습니다.향후 오사카 방문에 다시 머물 것입니다.
3 박 동안 여기에 머물 렀습니다.체크인하는 동안 프론트 데스크에 몇 가지 잘못된 계산이있었습니다.다시 계산하는 데 약 30 분이 걸렸습니다.우리는 3시에 손님을 확인하기 시작하고 330 ISH에서 우리 방에 들어갔다.체크인 할 때, 우리는 우리 자신의 무료 음료, 1 명당 1 명을 선택해야했습니다.나는 물 BC 만 얻었습니다. 나는 여름 더위에서 탈수되고 싶지 않았습니다.냉장고 옆에는 편의 시설 바가 있습니다.아침 식사는 맛있었습니다.나는 3x를 채울하게되었다!!아침 식사는 진정으로 내 기대를 초과했습니다!!방은 괜찮 았고 일본의 평균 크기였습니다
모든 기본 요구를 제공하는 예산 친화적 인 호텔을 찾고 있다면, 이것은 당신에게 완벽한 옵션 중 하나입니다.더 비싼 옵션이 있다면 망설이지 마십시오.세부 사항은 아래 또는 그 이상입니다.이 주요 내용에 더 많이 썼습니다.
손님, 로비의 도서관, 놀라운 아침 식사 및 직원들이 매우 친절하게 이용할 수있는 많은 편의 시설!아, 그리고 내 머리카락은 샴푸와 컨디셔너를 좋아했습니다.좋은 위치, Dotonbori 지역의 Twothree 지하철 방송국.확실히 복귀 할 것입니다, 놀랍습니다!","월요일 : 24 시간을 엽니 다
화요일 : 24 시간 영업
수요일 : 24 시간을 엽니 다
목요일 : 24 시간 영업
금요일 : 24 시간 영업
토요일 : 24 시간을 열었습니다
일요일 : 24 시간 영업","하숙, point_of_interest, 설립",Yes
Imano Osaka Shinsaibashi Hostel,"1-chōme-13-28 Kitahorie, Nishi Ward, Osaka, 550-0014, Japan",4.3,34.672901,135.4950431,"이 곳 중 하나는 그 높은 등급이 어떻게 일어 났는지 궁금합니다.긍정적 인 첫 번째, 위치는 좋고 직원은 매우 친절합니다.그러나 이미 기숙사의 침대는 끔찍합니다.매트리스는 매우 얇으며 기본적으로 야외 야외 캠핑과 같습니다.베개는 적어도 괜찮고 약간의 지원을 제공합니다.기숙사 이층 침대에는 간신히 선반이나 공간이 없습니다... 그리고 키가 185cm 이상이라면 편안하게 맞지 않을 수도 있습니다.화장실과 욕실 공간에서 전반적인 청결은 좋지 않습니다.또한 22 명의 사람들에게는 2 개의 화장실과 샤워가 매우 낙관적입니다.면봉조차도 제로 편의 시설이 있습니다.전반적으로 잘 계획되고 행해지지 않았으므로 다른 곳에서 돈에 대한 더 나은 가치가 있습니다.
이 호스텔은 일본 여행 중에 내가 머물렀던 최고의 호스텔 중 하나를 절대적으로 사랑했습니다.
조절 가능한 에어컨이있는 거의 조용한 객실.
여기에 머무르는 사람은 모두 친절하고 직원은 굉장합니다. 나의 유일한 단점은 무료 편의 시설이없고 당신은 그가 스스로 침대로 만들어야한다는 것입니다. 그러나 가격 때문에 나는 그것이 완전히 공정하다고 생각합니다.
많은 사랑!!
위치는 정말 대단하지만 제공되는 서비스는 일반적으로 호스텔에 가지 않기 때문에 이상합니다. 나는 비평가를 만들지 않고 오히려 관찰입니다.
당신은 자신의 침대를 만들어야합니다.
수건과 QTIP와 같은 물건은 제공되지 않습니다.
기숙사의 침대는 충분히 길지 않으며, 나는 180cm이며 발이 국경에 닿습니다.
사용 가능한 계단이 없습니까??
카페 공간에 머무르기 위해 음료를 사야한다고 슬프지만 왜 그렇지 않습니까?그래서 나는 이것에 대해 어떻게 생각 해야할지 모르겠지만 다시, 나는 그 장소를 좋아했습니다.
센터와 도톤 버리 근처의 좋은 위치에있는 훌륭한 호스텔.모든 객실은 깨끗하고 현대적이며 유용한 직원도 현대적입니다.아침에 아침 식사 비용을 지불하고 원한다면 가방을 약간 여분의 시간을 남겨 둘 수 있습니다.
그러나 공간을 잘 활용 해야하는 충분한 호스텔이지만, 이것은 모든 것이 모든 것을 만들어 낸 첫 번째 호스텔이었습니다. 매트리스 시트는 당신이 둘 다 이상하다고 생각했던 스스로해야 할 일을해야합니까?하우스 키퍼와 함께 돈을 절약하기 위해 나는 하나였습니다!!그리고 내가 있던 더 높은 이층에 대한 매우 불편한 점화는 수하물이 많을 때 좁고 까다로워서 다른 방의 소음을들을 수있었습니다.세탁 시설은 괜찮 았지만 마침내 400 엔을 마르려면 건조기에서 4 라운드를 가져갔습니다.또한 하나의 리프트와 계단이없고 비상 계단 만 있지 않아 피크 타임에 바쁠 수 있습니다.방의 공기 통풍구는 시끄럽고 욕실의 공기 콘은 전속 속도로 차가운 공기를 불고 있었으므로 4 월 초에 약간의 산들 바람이있었습니다.침대는 그렇지 않으면 편안했습니다.샤워는 좋았습니다.당신은 아래층 아래층에 공동 지역에 앉기 위해 음료를 사야했습니다.이틀 밤에 좋은 숙박 이었지만 도시에 다시 여행하는 경우 개인적으로 여기서 선택하지 않았습니다.",운영 시간이 없습니다,"하숙, point_of_interest, 설립",Yes
WELLSTAY難波,"2-chōme-8-10 Motomachi, Naniwa Ward, Osaka, 556-0016, Japan",4.4,34.6611837,135.4975514,"남바 지구의 좋은 위치.이자카야 레스토랑이 여러 개 있습니다.매일 U는 리셉션에서 새 수건을 요청할 수 있습니다. U는 벨 코즈를 누르지 않아야합니다.사용할 무료 세탁기가 있습니다.2 개의 자동 판매기가 있습니다.그리고 아이스 큐브.직원들은 도움이되고 친절합니다.추천.나는 이층 침대 2 개와 싱글 침대 1 개가있는 방을 예약했다.나에게 아주 친절합니다.그리고 btw 그들은 방을 청소합니다.
며칠 동안 여기에 머물 렀습니다.매우 깨끗하고 조용합니다.우리가 얻은 방은 가족이나 4 명의 그룹에게 좋았습니다.Dotonbori 지역까지 1015 도보로 위치합니다.레스토랑 거리 근처에 있습니다.
Namba는 놀라운 호텔이었습니다.방은 상당히 작았지만 훌륭한 경험을 허용했습니다.Well Stay Namba는 또한 여러 상점과 유명한 Dotonbori와 매우 가깝습니다.내가 기회를 얻으면, 나는 확실히 여기로 돌아올 것이다.
그것은 저렴하고 합리적으로 Dotonbori에서 600m 이내에 위치했으며, 첫 번째 사람이 담배 냄새를 맡을 때 우리 방을 바꾸는 것에 대해 꽤 좋았습니다.그러나 일찍 도착한 서비스는 꽤 열악했습니다.더 큰 여행 가방에 맞지 않는 500yen 사물함을 제외하고 수하물 보관소는 없었으며, 손님을위한 '보완적인'음료 스테이션은 순서 부족했으며, 리셉션 레이디는 나쁜 날을 보내고있었습니다.일본의 참을성없는 스타일의 사람, 다른 사람들과 대조됩니다.
Osaka Wellstay Hotel은 주요 위치, 현대 편의 시설 및 세심한 서비스를 제공합니다.방은 편안하고 깨끗했으며 사려 깊은 손길이있었습니다.아침 식사 뷔페는 맛있고 다양했습니다.전반적으로, 오사카에서 편리하고 쾌적한 숙박을 찾는 여행자에게 좋은 선택입니다.적극 권장됩니다.",운영 시간이 없습니다,"하숙, point_of_interest, 설립",Yes
HOTEL THE FLAG Shinsaibashi,"1-chōme-18-30 Higashishinsaibashi, Chuo Ward, Osaka, 542-0083, Japan",4.7,34.6741732,135.5031184,"훌륭한 호텔.모든 직원들은 매우 환영하고 유창한 영어와 다른 언어를 사용했습니다.화장실과 싱크대가 샤워와 분리되어 있는지 감사합니다..훌륭한 위치와 메트로 가깝습니다.나는 방이 조금 작지만 수하물을 열기에 충분히 크다고 말할 것입니다.방 주전자에 물, 전자 레인지를 끓일 수있는 편의 시설이 더 많았기를 바랍니다.또한 창문을 완전히 열 수 없으며 창문을 바라 보는 것이 명확한 서리로 장식 된 유리로 덮여 있습니다.
나는이 호텔을 적극 추천하고 오사카에 머무르면 다시 돌아올 것이다.쇼핑몰 스토어와 기차역까지 도보로 5 분 정도 걸립니다.직원은 유창한 영어를 구사합니다.객실은 크고 넓습니다.욕실에는 폭포 샤워 헤드가 제공됩니다.세탁실은 훌륭합니다.문의 할 때 수하물 서비스도 제공합니다.모든 것이 너무 편리했습니다!!
나는이 호텔에 대해 할 말만 할 뿐이다.이것은 우리가 일본에서 3 주간의 여행 중에 머물렀던 가장 기억에 남는 호텔이었습니다!우리는 도착하자마자 친절과 웃는 얼굴로 인사를 받았습니다.이 호텔은 모든 직원이 매우 도움이되었고 영어를 잘 말하기 때문에 매우 관광 친화적입니다.여기 호텔 직원은 우리가 신혼 여행에 있다는 것을 알고 있었고, 그들은 우리를 위해 매우 친절하고 수용하고있었습니다.우리 방은 체크인 시간 전에 준비되었지만 일찍 체크인 할 수있었습니다.그들은 심지어 우리가 원하는 날을 사용할 수있는 무료 아침 식사 뷔페 바우처를 제공했습니다. 이것은 매우 관대하고 사려 깊습니다!아침 식사 뷔페는 맛있었습니다!!나는 그들이 가진 품질과 선택에 날아 갔다.그것은 서양식과 일본 요리의 조합이었습니다. 우리는 그들의 뷔페를 정말로 즐겼습니다.호텔은 매우 깨끗합니다.위치는 완벽했습니다.나가 자마자 거리를 따라 바와 레스토랑이 있습니다.그것은 당신이 필요한 모든 것보다 도보 거리에있는 매우 이상적이고 편리한 위치에있었습니다.Dotonbori까지 짧은 도보이지만 모든 혼란을 듣지 못하는 곳으로 충분합니다.객실은 일본 호텔 객실을 위해 매우 현대적이고 편안하며 넓습니다.우리는 매우 더운 여름 시절에 여기에 있었고 에어컨은 훌륭하게 작동합니다!호텔은 손님이 편리하게 유지할 수 있도록 무료 커피와 리필 가능한 물병을 제공합니다.그들은 심지어 세탁소를 할 수있는 세탁기와 건조기 공간이 너무 편리합니다!우리는 여기에 머무는 것에 매우 만족 했고이 호텔을 강력히 추천합니다!그들은 안락함과 환대의 정의를 확실히 이해합니다.직원의 멋진 숙박과 친절에 감사드립니다.
우리는 우리가 짧지 만 깃발에 깃발을 즐겼습니다.직원들은 매우 도움이되었고 내가 가진 문제를 도와 줄 수있었습니다.호텔의 세탁기와 건조기는 옷을 씻고 방에 머물 수 있었기 때문에 큰 도움이되었습니다!객실은 깨끗하고 넓었습니다.나는 그들이 재사용 가능한 병을 사용하여 손님에게 무료 물 분배기와 커피를 빌려주는 것을 좋아했습니다.이 위치는 또한 도보로 10 분 안에 많은 상점과 레스토랑에 가깝습니다.다시 머물 것입니다!
첫째, 장소는 작은 보석, 멋진 장소이며 단 10 분 거리에 거의 어디서나 걸어갑니다.몇 분 거리에 멋진 쇼핑이 있으며 상대적으로 조용한 곳에있어 숙면이 가능합니다.객실과 서비스는 돈에 큰 가치가 있습니다.직원은 예외적이며 자신이하는 일을 즐길 수 있습니다.직원이 훌륭하고 시설과 객실이 우수한 가격 으로이 지역에서 호텔을 찾기가 어려울 것입니다.전나무는 아침 식사가 최고 수준이라고 언급하므로 방 예약에 추가하십시오.","월요일 : 24 시간을 엽니 다
화요일 : 24 시간 영업
수요일 : 24 시간을 엽니 다
목요일 : 24 시간 영업
금요일 : 24 시간 영업
토요일 : 24 시간을 열었습니다
일요일 : 24 시간 영업","하숙, point_of_interest, 설립",Yes
Namba Oriental Hotel,"2-chōme-8-17 Sennichimae, Chuo Ward, Osaka, 542-0074, Japan",4,34.6657666,135.5037294,"이 호텔은 엄격한 규제로 유명한 일본에서는 특히 놀랍습니다.우리는 4 명을 위해 예약했지만 3 개의 작은 싱글 침대를 받았습니다.여러 토론에도 불구하고 호텔은 차이를 지불하겠다고 제안하더라도 네 번째 침대 또는 업그레이드 요청을 수용하기를 거부했습니다.이것은 오사카에서 기대하는 편의 시설의 표준이 아니며, 집으로 돌아 왔을 때 관련 당국에 공식적인 불만을 제기 할 계획입니다.이 경험은 실망스럽고 부당하다고 느꼈으 며 호텔이 이러한 문제를 즉시 해결하기를 바랍니다.
훌륭한 서비스와 위치!
적극 권장합니다!우리는 Namba Oriental Hotel에서 환상적인 숙박을했습니다.서비스는 예외적이었습니다!우리가 제공된 부드러운 베개에 익숙해지기 때문에 더 단단한 베개를 요청했을 때, 그들은 즉시 우리 방으로 배달되었습니다.우리는 레벨 4에서 무료 라운지를 발견하게 된 것을 기쁘게 생각했습니다. 긴 하루의 관광 후 휴식을 취하기에 완벽한 장소였습니다.호텔의 위치는 스테이션을 훈련하기 위해 10 분도 채 걸리지 않는 짧은 도보로 타의 추종을 불허합니다.한 가지 사소한 포인트 주목해야 할 유일한 점은 호텔 로비에 도착하기 위해 레벨 3에서 엘리베이터를 변경해야한다는 것입니다.화장지는 다소 얇은 것 같습니다.전반적으로, 우리는 Namba Oriental Hotel에서 멋진 경험을했으며 오사카를 방문하는 모든 사람에게 강력히 추천 할 것입니다.
이것은 내가 오사카를 방문 할 때 항상 머무는 호텔입니다.Namba의 중심부에 위치한 위치는 매우 편리합니다.호텔은 대기 분위기, 깨끗하고 넓은 객실이 있으며 가격은 매우 합리적이므로 항상 많은 것을 얻습니다.
나는 올해 3 월 에이 호텔에 머물렀고 그 서비스는 매우 만족 스러웠다.호텔은 OCAT가 도보 거리 내에 위치하고 있으며 주변에는 여러 시장이 있지만 내부의 사운드 단열에는 큰 문제가 없습니다.그러나 붐비는 시장 에이 호텔이 있으므로 택시 접근이 불가능하며 근처에 여러 개의 Pachinko 매장이 있으며 가로등이 많지 않아 안전 문제가 발생할 수 있습니다.
여기에 머물지 마십시오!
도착하자마자, 그들이 내 파트너를 주었던 방은 내 파트너를 주었고, 벽에 자국이 있었고, 샤워 실을 통해 곰팡이가 있었고, 카펫은 진공 청소기 또는 청소 된 적이없고 먼지에서 먼지를 벗는 것처럼 보였습니다.침대의 밸런스는 혐오스럽고 얼룩이 쳐져서 결코 변하지 않은 것처럼 보였다.AC 통풍구는 먼지 층이 10mm 두께를 가졌습니다.나는 가서 불평했고 이것이 괜찮지 않다고 말했고 그들은 우리 방을 바꿀 수 있었지만 두 번째는 훨씬 나아지지 않았다.로비에는 오래된 담배 연기의 냄새를 덮으려고하는 것처럼 제련되는 독특한 곰팡이 냄새가있었습니다.호텔은 광고 된 AC는 제대로 작동하지 않는 AC는 말할 것도없이 완전히 점검해야합니다.엘리베이터의 공동 지역은 신발이 스커트 보드에 닿았을 때 먼지가 많았고 먼지가 나오고 색이 눈에 띄는 변화가있었습니다.
이제 선을 위해... 위치는 굉장하지만 그것은 그게 그것입니다.
4 성급 호텔이 어떻게 권장하지 않는지에 대해 절대적으로 당황 스럽습니다.","월요일 : 24 시간을 엽니 다
화요일 : 24 시간 영업
수요일 : 24 시간을 엽니 다
목요일 : 24 시간 영업
금요일 : 24 시간 영업
토요일 : 24 시간을 열었습니다
일요일 : 24 시간 영업","하숙, point_of_interest, 설립",Yes
DOYANEN HOTELS YAMATO,"2-chōme-2-3 Haginochaya, Nishinari Ward, Osaka, 557-0004, Japan",4,34.6457771,135.5019794,"객실은 상당히 비좁고 욕조가 없었지만 실제로는 그렇게 큰 문제는 아닙니다.3 층에는 여성의 유일한 샤워 실이 있습니다.이 지역은 다소 거친 것처럼 보이며, 우리 가이 지역에있을 때마다 많은 응시를 받았습니다.그렇지 않으면, 오사카에서 싸게 머물기에 꽤 괜찮은 곳은 호텔 이외의 곳이 아닌 곳에 더 집중했다는 점을 감안할 때.
우리는 늦게 도착하여 우리가 자체 점검을했고 우리가 사전에 알리고 이메일을 통해 지침을 보냈습니다.이 동네는 평화 롭고 Dobutsuenmae Station 출구에서 도보로 5 분 거리에 있습니다. 우리는 리프트 후 계단을 타는 6 층에 머물 렀지 만 우리 방은 우아하며 4 개의 수하물에 맞게 넓습니다.화장실은 공유하지만 객실에는 샤워 시설이 있으며 샴푸, 바디 비누 및 컨디셔너가 제공됩니다.그리고 다른 리뷰에서 읽은 것과 마찬가지로, 벽은 정말 얇고 다른 방의 말을들을 수 있지만 밤에는 조용했습니다.전반적으로, 우리는 호텔에서 3 박 숙박을 즐겼으며 3 박 이상 숙박을 위해 할인을 제공함에 따라 좋은 가격을 얻었습니다.
많은 선배들이 노숙자를 취한 조용한 지역??Dobutsuen Mae Station과 Shin Imamiya 역 근처에서 58 분.Tsukenkaku Tower로 갈 수 있습니다. 그곳에가는 데 15 분이 걸립니다.객실은 가격이 좋다.시트는 깨끗합니다.공간은 수하물을 여는 데 어려움을 겪을 수 있습니다. 방은 백패커에 가장 적합합니다.그들은 커피를 제공하지 않지만 세탁기를 제공하고 건조기는 100yen이됩니다... 레벨 4의 남자 화장실은 완전히 역겨워서 실제로 메가 리노베이션이 필요합니다...직원들이 항상 거기에 있지 않을 것이지만 친근한 방은 객실이 건전한 증거가 아닙니다. 1 일 밤 일본 학생들과 대화를 나누는 밤은 밤 중반에 큰 소리로 웃으며 이른 아침까지들을 수 있습니다...개인적으로 지불 한 가격으로, 나는 거의 같은 가격을 충전하는 선플자와 같은 다른 게스트 하우스를 추천합니다.
매우 저렴하고 Dobutsuenmae 근처에서 기본적으로 메트로를 사용하는 모든 곳으로 갈 수 있습니다.객실은 당신이 지불하는 가격과 체크인하고 체크 아웃하기에 매우 편리합니다.
다른 리뷰어들이 말한 것과 마찬가지로, 이곳은 호텔이 아닌 기숙사입니다!나는 밤새 머물렀고 저녁 내내 잠을 잘 수 없었습니다.각 객실에는 화장실이 없습니다.소변을 보거나 월경이 필요하다면 방에서 나가야합니다. 계단을 걸어 소녀와 노인에게는 안전하지 않습니다.
그들은 어두운 수건 만 가지고 있습니다.일본에서 가장 저렴한 여관조차도 잠옷과 깨끗한 타월이 있습니다.
얇은 벽은 특히 사람들이 밤새 말하는 공동 거실에서 일정한 소음을 허용합니다.이웃이 기침을 듣고 밤에는 직원을 농담하지 않고 타액을 삼킬 수 있으며 위치는 위험하고 더럽습니다.전반적으로 오사카에 머무르는 실망스러운 곳.경영 약속에도 불구하고 개선을 기대하지 마십시오.","월요일 : 오전 9시 - 오후 8시
화요일 : 오전 9시 - 오후 8시
수요일 : 오전 9시 - 오후 8시
목요일 : 오전 9시 - 오후 8시
금요일 : 오전 9시 - 오후 8시
토요일 : 오전 9시 - 오후 8시
일요일 : 오전 9시 - 오후 8시","하숙, point_of_interest, 설립",Yes
Hotel Forza Osaka Namba Dotonbori,"Japan, 〒542-0071 Osaka, Chuo Ward, Dōtonbori, 1-chōme−4−２２ クロードビル 3F",4.5,34.6685723,135.5033617,"완벽한 위치, 친절한 직원, 멋진 아침 식사 및 다소 고급스러운.우리는 3 박 동안 우리의 숙박에 대부분 행복해졌습니다.방은 도시의 다른 호텔과 마찬가지로 분명히 작았습니다.아침 식사는 다양한 요리를 제공하며 호텔의 아침 식사에서 좋은 품질로 기본을 맛볼 수 있습니다.직원은 매우 친절했고 위치는 Dotonbori의 중심부에 있습니다.방은 청소와 관련하여 몇 가지 문제가 있었으며 여기 저기 여러 머리카락 조각을 발견했습니다.
시끄럽고 혼잡 한 거리에도 불구하고 매우 조용하고 넓습니다.체크인 및 체크 아웃 중에 직원은 매우 정중했습니다.방도 상당히 넓었습니다.
그러나 욕실 배관은 끔찍했습니다.우리가 수도꼭지와 화장실을 사용할 때마다 소변 냄새가 전체 방을 채 웁니다.우리는 방 향수 병 전체를 사용했습니다.욕조에는 적절한 코킹이 없었으며 아마도 악취를 설명 할 수도 있습니다.
위치는이 호텔의 유일한 장점입니다.화장실은 더럽고 화장실은 끔찍한 냄새가 났고 목욕 가운에서 머리카락을 발견했습니다.우리는 불평했고, 화장실을 청소하는 동안 나쁜 냄새가 화장실 전체에 남아있었습니다.우리가 체크 아웃했을 때, 우리는 문제를 다시 언급하여 다음 손님을 위해 청소할 수 있었지만 접수 원은 Careno 사과 나 그 어떤 것도 보이지 않았습니다.다른 리뷰는 같은 ​​문제를 언급하므로 문제를 해결하지 못했습니다.청결과 좋은 서비스에 관심이 있다면이 호텔을 피하십시오.
가격을위한 미친 듯이 좋은 호텔!객실은 우리가 일본으로 여행하는 동안 45 배의 가격을 지불 한 몇 개의 고급 호텔에 비해 엄청났습니다.그들은 우리가 더 비싼 호텔에서 경험 한 것과 같은 편의 시설을 대부분 가지고있었습니다.서비스는 좋았고 위치는 훌륭했습니다.우리가 오사카에 있고 그 모든 것의 중심에 있기를 원한다면 우리는 확실히 여기에 다시 머물러 있습니다.근처에 편리한 운송과 많은 산책 활동이 있습니다.우리는 소음 수준이 위치를 감안할 때 너무 높을 것이라는 우려가 있었지만 객실은 매우 조용합니다.솔직히 일본의 Hotel Forza와 같은 장소와 비교할 때 미국 호텔이 가격에 얼마나 가난한 지에 충격을주고 있습니다.우리는 환상적인 숙박을했습니다.우리의 유일한 비판은 아침 식사 뷔페가 우리가 가진 다른 사람들과 비교할 때이 호텔의 주요 고객베이스에 주어진 외국인 관광객들에 비해 그다지 좋지 않았다는 것입니다. 뷔페는 우리가 머물렀던 더 많은 국내 호텔만큼 깨끗하거나 즐거웠습니다.일본에서 휴가 중.
2 명의 자녀가있는 가족은 패밀리 룸을 예약했습니다.6 박 동안 머무는 가장 좋은 장소.방은 너무 크거나 작지 않지만 충분히 깨끗합니다.욕실에는 욕조가있어 우리는 어쨌든 사용하지 않습니다.Glico Man Bridge에서 5 분 동안 Dotonbori 지역에 있습니다.이 지역 주변에는 많은 레스토랑이 있으며 다리를 건너 Shinsaibashi 쇼핑 지역이 있습니다.또한 Don Quijote까지 도보로 5 분 동안 오전 400 시까 지 문을 닫습니다.이타미 공항에서 약 50 분 거리에 버스를 타고 남바 역으로 가십시오.매일 운송을 위해 Namba Station 450m 또는 Nipponbashi Station 400m에 폐쇄됩니다.Wi -Fi는 2100 pm 이후에 속도가 느립니다.","월요일 : 24 시간을 엽니 다
화요일 : 24 시간 영업
수요일 : 24 시간을 엽니 다
목요일 : 24 시간 영업
금요일 : 24 시간 영업
토요일 : 24 시간을 열었습니다
일요일 : 24 시간 영업","하숙, point_of_interest, 설립",Yes
Osaka Joytel Hotel,"1-chōme-2-1 Shinkitajima, Suminoe Ward, Osaka, 559-0024, Japan",3.6,34.6087011,135.4717993,"우리 가이 지점에 살았을 때 우리는 매우 행복한 경험을했습니다.특히 불리는 직원은 매우 도움이됩니다.우리가 요청한 모든 질문은 올바르게 정리되었습니다.위치는 지하철에서 멀지 않습니다.가벼운 수하물 출구 5 번 출구로 똑바로 걸어 다니면 Dream이라는 높은 건물을 찾을 수 있습니다.무거운 물건은 4 번 나가고 신호등에서 우회전하고 짧은 도보로 다시 우회전 한 다음 다시 찾을 수 있습니다.
여기에 머물지 마십시오!마지막으로 내 아들은 마지막에 작은 홀더가있는 그의 발론을 가지고 놀았습니다.그는 실수로 풍선 끝으로 TV를 쳤다.TV가 손상되었습니다.물론 우리는 계단을 내려서 프론트 데스크의 숙녀들에게 이야기했습니다.그들은 우리가 떠나라고 말했고 우리는 이메일을받을 것입니다.처음에 이메일을 보내는 사람은 우리에게 경찰에 전화하겠다고 위협합니다.내가 협력하려고했다고 설명했을 때, 그는 우리에게 작은 TV에 대해 약 800 달러를 지불해야한다고 알렸다.그들은 사고에 대한 보험이 없기 때문에 손님은 전체 비용과 설치 수수료를 지불해야합니다.따라서 카펫이 손상되면 고가가 될 수 있다고 상상하면.나는 피해가 괜찮다고 말하지는 않지만 800 달러는 너무 많은 돈입니다.주에서는 공제액이 있으며 호텔은 사고가 발생하기 때문에 보험이 있습니다.우리는 전에 호텔 방에서 아무것도 손상하지 않았으므로 이것은 우리에게 가장 먼저였습니다.작은 가족으로서 우리는 커프에서 바로 그 많은 돈을 감당할 수 없습니다.사고가 발생했고 우리는 범죄자처럼 대우 받았습니다.나는이 호텔이 범죄자가되는 방식을 발견했다.이 호텔에는 위치 외에도 큰 것이 없었습니다.
하룻밤 동안 여기에 머물렀고 괜찮 았습니다. 저렴한 호텔은 우리가 오사카에 갔던 콘서트 장소와 가까운 호텔이었습니다.저렴한 12 박 숙박에 확실히 좋습니다.전문가 저렴한 가격, 지하철에 좋은 위치, 영어를 구사할 수있는 친절한 직원, 멋진 중앙 위치, 방은 매우 깨끗했습니다.
객실은 매우 따뜻한 팬이었고, 3 월이었고, 침대는 너무 단단하고 편안하지 않습니다.
호텔은 바쁜 지구에 있지 않았지만 칸사이 공항에서의 거리는 짧았습니다.근처의 저층과 건물에는 백화점, 상점 및 레스토랑이 차지했습니다.도보로 몇 분 안에 공원이있었습니다.프론트 데스크는 다소 작았지만 직원은 도움이되었습니다.연수생은 광동어와 푸튼 구아를 할 수 있습니다.무료 생수는 제공되지 않았습니다.커피 머신과 찻집은 로비에 있었고 무료였습니다.방 크기는 우리 셋에게 매우 좋았습니다.장식은 전통적 이었지만 상태는 허용되었습니다.주차장은 건물에 인접하여 별도로 운영되었습니다.하룻밤 주차는 저렴했습니다.
호텔은 Suminokoen 역에 매우 가깝고 Namba 및 Umeda와 같은 곳으로 여행하는 것이 편리합니다.방은 크고 깨끗합니다.호텔 직원도 매우 도움이되고 수용 적입니다.나는 즐거운 숙박을했다","월요일 : 24 시간을 엽니 다
화요일 : 24 시간 영업
수요일 : 24 시간을 엽니 다
목요일 : 24 시간 영업
금요일 : 24 시간 영업
토요일 : 24 시간을 열었습니다
일요일 : 24 시간 영업","하숙, point_of_interest, 설립",Yes
Kawarayamachi Crystal hotel,"3-chōme-1-21 Kawarayamachi, Chuo Ward, Osaka, 542-0066, Japan",4.1,34.669572,135.5131821,"새롭고 매우 깨끗한 시설.작은 방이지만 매우 편안하고 Dontobori Walking Street까지 걸어가는 것이 편리합니다.
이 호텔에서 즐거운 시간을 보냈습니다.Dotonbori와 Tanimachikyu 역의 짧은 도보 안에 있습니다.또한 늦은 밤 음식 요구를 위해 모든 곳에서 수많은 콘비 니가 있습니다.직원들은 매우 친절했고 방은 좋았습니다.객실은 작지만 당신은 일본에 있습니다. 모든 것이 합리적인 여행에 대한 합리적인 기대에 대해 화를 내지 마십시오.침대는 편안했고 편의 시설은 좋았습니다.방은 깨끗했고 이웃은 밤에 멋지고 조용했습니다.
6 일 동안 그곳에 머물 렀습니다.호텔에서 도톤 보리 (Dotonbori)와 쿠로몬 (Kuromon Market)까지 도보로 1km입니다.500m 가장 가까운 지하철역까지 도보로 편리합니다.호텔 객실은 깨끗하고 조용합니다.작지만 화장실은 작은 욕조, 소형 및 공간 효율적입니다.모두에게 추천하고 다음 오사카 여행을 위해 여기에 머물 것입니다.
사람들은 아주 친절합니다.방은 내가 갔던 다른 호텔보다 큽니다.나는 화장실에 이상한 수분 향기가 있기 때문에 별을 제거하고 있습니다.
우리는 여기에 아주 좋은 숙박을했습니다. 직원들은 많은 것을 도와주기 위해 매우 도움이되고 친절했습니다.침대는 너무 편안했고 아주 잘 잤습니다.나는 또한 아침 식사를 즐겼고 매일 아침 정말 대단했습니다.",운영 시간이 없습니다,"하숙, point_of_interest, 설립",Yes
City Plaza Osaka Hotel,"2-31 Honmachibashi, Chuo Ward, Osaka, 540-0029, Japan",4,34.6842687,135.5106707,"체크 아웃 할 때 우리는 수영장 사용에 대한 매우 비싼 요금에 놀랐습니다.호텔은 깨끗하지만 음식은 온건하고 서비스는 먼 익명입니다. e.g.모두가 5시에 깨어 났고 의사 소통, 많은 규칙, 로비 등에 앉을 곳이 없습니다.
이 장소는 머무를 수있는 좋은 선택이었습니다.대부분의 객실은 이미 예약되었으므로 다른 사람들이 얼마나 더 좋았을 지 모르지만 내 쌍둥이 크기의 침대가 2 개가 있고 냉장고는 매우 작았 기 때문에 약간 비좁아졌습니다. 선반이 그 안에 있습니다.물 한 병에 서있는 물 한 병에 충분히 키가 크지 않았기 때문에 나는 그들을 내려 놓아야했고 냉동실 자리가 없었습니다.내가 싫어한 유일한 것은 Lightselectric이 계속하기 위해 벽에 슬롯에 키 카드를 놓아야하는 방 유형이라는 것입니다.그러나 나는 지갑에 카드를 보관할 수있는 것을 선호하여 나는 나가서 실수로 그것을 잊지 마십시오.여기서 온천은 확실히 사소한 불편을 겪습니다!그들은 선택할 수있는 많은 목욕을 가지고 있었고, 일부는 제트기, 일부는 다른 것보다 덜 뜨겁고 심지어 차가운 목욕을했습니다.야외 하나는 확실히 내가 가장 좋아하는 것이었다!대체로 온천이있는 호텔을 찾고 있다면 그것은 확실히 좋은 선택입니다!
외국인이라면, 나는이 호텔을 불의에 따라 추천하지 않고 일본인이 아닌 손님을 지원할 의지가 없습니다.나는이 호텔을 다시는 선택하지 않을 것입니다.
기차역 근처의 멋진 호텔.여행 할 때 필요한 모든 현대의 필수품.하향 측면에서만 27은 27 개가 있습니다.
Frot Door Desk, 편안한 침실, 스파, 체육관 및 마사지에 좋은 출석이 가능합니다.나는 그것이 모든 손님에게 또는 회사가 지불했는지는 모르지만, 무료 아침 식사 뷔페 스타일을 가지고 있었고 매우 좋았습니다.","월요일 : 오전 10시 - 오전 12시
화요일 : 오전 10시 - 오전 12시
수요일 : 오전 10시 - 오전 12시
목요일 : 오전 10시 - 오전 12시
금요일 : 오전 10시 - 오전 12시
토요일 : 오전 10시 - 오전 12시
일요일 : 오전 10시 - 오전 12:00","하숙, 온천, 식당, 음식, point_of_interest, 설립",Yes
Toyoko Inn Osaka Tenjinbashisuji 6 chome,"2-chōme-3-17 Ukida, Kita Ward, Osaka, 530-0021, Japan",4,34.7103437,135.5081236,"비가 내리고 있었기 때문에 로비로 들어가서 ""와우, 그것은 열심히 비가 내리고 있습니다!""라고 말했습니다.그는 그것을 좋아하지 않았고, 나에게 더러운 표정을주고, 중국어로 무언가를 화나게 말했다.그는 저를 섬기기를 거부하고 다른 사람에게가는 것을 무례하게 지적했습니다.나는 나중에 그가 중국 이주 노동자라는 것을 알았다!다음날 아침, 나는 관리자를 만나달라고 요청했지만 그는 들어 가지 않았기 때문에 공항에 가기 위해 떠났다.당신이 영어로 말하는 사람을 조심하십시오!
지하철역에서 도보로 불과 몇 분 거리와 근처의 수많은 레스토랑과 상점이 있습니다.나는 Umeda 지역에서 택시를 가져 갔고 1300 달러 만 비용을 들었습니다.
모든 직원은 예상대로 매우 좋습니다.
방은 흠이 없었지만이 Toyoko 호텔에는 흡연실 만 있습니다.그들은 훌륭한 일을하고 냄새가 예상보다 훨씬 좋지만 담배 냄새를 맡을 수 있습니다.
Wi -Fi는 안정적이지 않았고 때로는 실제로 느 렸습니다.YouTube 비디오를로드하는 데 오랜 시간이 걸렸습니다.
전반적으로, 그것은 가격을위한 아주 좋은 호텔이었고 다시이 지역으로 돌아 오면 돌아올 것입니다!
사랑스러운 장소, 사랑스러운 직원.오사카의 놀라운 지역에있는 멋지고 깨끗하고 조용한 호텔.나는 내 방과 롯지에서 매 분마다 즐겼다.그들은 저렴한 가격으로 최대 값을 주었다.오사카로 돌아 오면이 호텔은 나의 선택이 될 것입니다!Toyoko 감사합니다... .6COME!
매우 합리적인 가격을 가진 아주 좋은 호텔!욕실은 다른 호텔보다 조금 작지만 Ive가 여행 중이지만 여전히 꽤 좋습니다.한쪽이 아닌 침대 양쪽에 전화기를 충전하는 일종의 난간과 콘센트가있는 것이 좋았을 것입니다.침대는 객실 공간을 더 잘 활용하기 위해 수하물을 저장하기에 충분히 높습니다.내가 본 많은 호텔이 이것을 제공하지 않았거나 아침 식사를 포함시키기 위해 상당히 더 많은 돈을 지불해야했기 때문에 아침 식사가 포함 된 아침 식사도 매우 좋았습니다.프론트 데스크 직원도 엄청나게 좋았습니다.또한 보안 감각이 좋은 룸 키가있는 경우에만 엘리베이터를 사용할 수 있다는 것을 좋아했습니다.기차역과 가까운 훌륭한 위치.Wi -Fi는 또한 각 방에 자체 Wi -Fi 연결이있는 것처럼 보였기 때문에 매우 좋았습니다.전반적으로 호텔도 매우 깨끗해 보였습니다.나는 다시 여기에있을 것이다!
나는 최근에 하룻밤 만에 'Toyoko Inn'오사카에 머물 수있는 기회를 가졌습니다.나는 호텔의 모든 측면에 깊은 인상을 받았습니다.이 서비스는 일본 호텔에 머무를 때 기대할 수있는 것입니다.직원들은 매우 친절하고 도움이되었습니다.내 방은 내 목적에 이상적이었고 이중 유리로 외부의 소음이 내 수면에 영향을 미치지 않았습니다.아침 식사는 내가 하루를 시작하는 데 필요한 것이 었습니다.'Toyoko Inn'Five Stars 만 줄 수있는 것은 유감입니다.'Toyoko Inn'Osaka의 모든 사람들에게 큰 감사를 표합니다.",운영 시간이 없습니다,"하숙, point_of_interest, 설립",Yes
Just Sleep Osaka Shinsaibashi,"2-chōme-9-15 Minamisenba, Chuo Ward, Osaka, 542-0081, Japan",4.9,34.67787620000001,135.5036467,"오사카의 중심부에 굉장한 숙박!나는 최근에 Just Sleep Osaka Shinsaibashi에서 이틀 밤을 보냈습니다.이 호텔을 선택하게되어 기쁩니다!이 위치는 신사이바시의 중심부에서 절대적으로 환상적이며 번화 한 쇼핑 벨트는 몇 걸음 떨어져 있습니다.그러나 실제로 내 숙박을 돋보이게 한 것은 호텔의 따뜻하고 환영하는 분위기였습니다.그라운드 플로어 식사 공간에서 무료 음료와 물기 간식은 사랑스러운 터치였으며 동료 여행자를 만나고 새로운 친구를 사귀는 좋은 장소였습니다.호텔의 현대적이고 깨끗하며 편안한 객실과 친절한 직원이 있습니다.그리고 가장 중요한 부분?그것은 가격에 대한 놀라운 가치입니다!오사카에 머무를 수있는 편리하고 저렴하며 사회적 장소를 찾고 있다면 오사카 신사이바시를자는 것이 완벽한 선택입니다.나는 누구에게나 그것을 강력히 추천합니다!
Dotonbori에서 몇 분 거리에 좋은 위치, 로비에 무료 음료와 간식이있는 훌륭한 서비스, 객실은 깨끗하고 직원은 친절하고 영어를 사용했습니다.
여러 기차역에서 3 블록과 럭셔리 브랜드의 동쪽 3 블록이 Shinsaibashi Shopping District와 Kit Kat 매장에서 놀라운 음식 작은 방까지 걸어 갈 수 있지만 깨끗하고 잘 서비스를 제공하며 직원은 훌륭합니다!매일 위로 갔다!합리적인 가격, 무료 음료 및 과자에 대한 아침 식사 뷔페 247. 좋은 보안.작은 엘리베이터는 때때로 기다려야합니다.직원은 영국계 미국인 친화적입니다.로비와 객실에는 멋진 도시 예술이 있습니다.그것을 좋아했습니다!
내가이 장소에 대해 생각할 수있는 유일한 불만은 내가 처음 들어갔을 때 AC가 꺼져 있다는 것입니다. 그러나 방의 크기를 감안할 때 30 분 안에 온도에 도달했습니다.제 3자를 예약 한 이후로 그들은 현지 세금으로 200 엔을 청구했지만, 이틀 밤에 1.33의 uppharge와 논쟁하기는 어렵습니다.직원은 예의 바르고 도움이되었고 AC는 훌륭하게 일했고 탐색 과정은 보이지 않았으며 이웃의 소음을 듣지 못했습니다.나는 또한 샤워의 반 욕조를 좋아했다.그들이 도쿄에 이것들 중 하나가 있었으면 좋겠다.
직원들은 매우 도움이되고 친절했습니다.우리는 여행 중에 5 곳에 머물 렀고 그들은 최고였습니다.객실은 최소한의 공간에서 기능을 최대화하기 위해 배치됩니다.로비에는 무료 간식과 음료가있었습니다.",운영 시간이 없습니다,"하숙, point_of_interest, 설립",Yes
OKINI HOTEL namba (オオキニホテルなんば),"3-chōme-4-15 Haginochaya, Nishinari Ward, Osaka, 557-0004, Japan",4.6,34.6452162,135.4992519,"호텔 객실을 예약하려는 경우 근본적인 가정은 아마도 잠을 잘 수 있고 안전하다고 느낄 것입니다.그렇다면 이것은 당신을위한 호텔이 아닙니다.그렇습니다. 직원의 의견에 따르면, 기차 노선과 매우 가깝습니다.그러나 스테이션을 오가는 동안 당신은 아마도 당신이 아마도 스테이션을 오가는 동안 머그 징전 경보를 강화할 것입니다.그리고 여기서 진정한 리뷰 중 일부가 언급 한 바와 같이, 기차와 다른 소음은 방에서 불합리하게 시끄 럽습니다.더 안전하고 덜 불편한 영역에서 훨씬 더 많은 것을 찾지 못할 수 있습니다.
깨끗함과 객실 공간과 같은 좋은 품질의 저렴한 가격!
그러나 위치는 특히 여성에게 우려되지만 기차역에 가깝습니다.노숙자 또는 거리 남성은 어디에나 있습니다...
이 호텔에서의 체재를 즐겼습니다.적극 추천합니다.좋은 가격 좋은 서비스
리셉션에서 매우 신사들과 나는 그곳에 머무는 것을 좋아했습니다!
대중 교통에 매우 가까운 좋은 가치.",운영 시간이 없습니다,"하숙, point_of_interest, 설립",Yes
The Bridge Hotel Shinsaibashi,"1-chōme-10-24 Nishishinsaibashi, Chuo Ward, Osaka, 542-0086, Japan",4.6,34.673856,135.498128,"내가 영원히 머물렀던 최고의 호텔 중 하나!직원들은 매우 도움이되고 매일 무료 활동을합니다.객실은 매우 깨끗하고 좋은 크기였습니다.호텔은 Dotunbori까지 도보로 8 분 거리 인 Shinsaibashi에 매우 잘 위치하고 있습니다.근처에는 몇 가지 좋은 음식 옵션이 있습니다.내가 오사카로 돌아 오면 나는 확실히 여기에 머물러있다.
이것은 일본 여행 중에 내가 가장 좋아하는 체재였으며 다음에 오사카에있을 때이 호텔을 다시 예약 할 것입니다.직원들은 매우 친절하고 도움이되었으며, 내가 참을성있게 가진 모든 질문에 대답했습니다.그들은 또한 실제로 수하물을 배송해야하기 전에 하루에 수하물 전송 양식을 작성하는 데 도움이되었습니다.일본을 처음 여행하는 동안 그런 작은 일들이 나에게 먼 길을 갔다.이것이 필수는 아니지만 모든 직원은 영어를 완벽하게 말했습니다.방은 좋은 크기이고 침대는 매우 편안했습니다.마사지 의자, 해피 아워 음료 및 그들이 제공하는 렌터카도 모두 굉장합니다!내가 말했듯이, 이것은 다음 번에 일본을 방문 할 때 확실히 다시 예약 할 호텔입니다!
우리는 Bridge Hotel에서 사랑스러운 숙박을했습니다.이 지역은 주로 빈티지 상점과 레스토랑으로 구성되어 있습니다.호텔에서 모든 것을들을 수는 있지만 밤에는 살아 있습니다.Dotonbori와 여러 방송국까지 도보로 짧은 도보.
아침 식사는 좋았고 매일 아침 새로운 요리를 제공했습니다.소시지, 베이컨과 계란, 생선, 패스트리, 빵, 시리얼, 수프, 쌀 및 기타 몇 가지가있었습니다.차, 커피 및 청량 음료는 24 시간 이용할 수있었습니다.15002130 사이의 무료 알코올,라면 및 아이스크림, 매일 이벤트가있었습니다. 식사 시간에는 조금 바쁠 수 있습니다.12 층에는 작은 지붕 좌석 공간과 함께 세탁실과 흡연실이 있습니다.
방은 넓고 깨끗했습니다.우리는 매일 방을 청소하지 않기로 결정했지만 신선한 수건과 생수를 받았습니다.
직원들은 사랑 스러웠습니다.우리가 들어갔을 때 그들은 우리를 맞이했습니다.체크인은 빠르고 우리는 이벤트, 아침 식사, 와이파이 등을 통해 이야기했습니다. 우리는 확실히 다시 머물 것입니다.
방은 깨끗하고 잘 유지됩니다!또한 더블 베드 방이 다소 넓고 소규모 가족에게 완벽하다는 사실에 놀랐습니다!내가 오사카를 다시 방문 할 때마다 확실히 돌아올 것입니다.훌륭한 서비스 직원도!자 네, 다리 오사카!
먼저 위치는 훌륭하지만 객실은 작습니다.정말 단단한 침대와 함께.그리고 호텔 주변에서 끊임없이 달리는 많은 아이들이 있습니다.매일 무료 아이스크림, 매일 저녁 무료 맥주, 무료라면이 있습니다.이러한 것들은 실제로 2에서 3에서 3에서 3에서 3까지의 방을 잡아 당겼습니다. 그러나 방은 불편한 침대가 너무 작았습니다.",운영 시간이 없습니다,"하숙, point_of_interest, 설립",Yes
Hotel Agora Osaka Moriguchi,"10-5 Kawaharachō, Moriguchi, Osaka 570-0038, Japan",4,34.73502060000001,135.5658619,"내가 방에 들어갔을 때, 내가 가장 먼저 느꼈던 것은 방이 조금 작다는 것이었다.둘째, 화장실은 현대적이었습니다. 저는 외국 손님 이었기 때문에 매우 기뻤습니다.세면 도구는 신중하게 준비되었고, 완전한 지시가 있었고, 욕실은 깨끗하고 아름답습니다.둘째, 에어컨에 대해 처음에는 사용하기가 약간 어려웠지만 어쨌든 에어컨은 점차 식히고 잘 작동했습니다.요컨대, 방은 꽤 작았지만이 호텔에 머무르는 경험이 꽤 좋았습니다.나는 당신이 호텔을 지원하기를 바랍니다!
나는이 호텔에 매우 유쾌하게 놀랐습니다.그렇습니다. 객실은 더 작은쪽에 있지만 완벽하게 갖추어지고 매우 편안합니다.호텔 자체는 아름답고 깨끗하며 직원은 매우 친절하며 위치는 오사카 전역에 연결되는 역 반대편입니다.
아침 식사는 탁월하고 품질과 다양성에 대해 매우 합리적입니다.
실망스러운 요소 중 하나는 체육관입니다.온라인으로 예약하면 피트니스 센터는 호텔 편의 시설에 나열되어 있습니다.실제로 이것은 호텔과 별개이므로 사용하려면 1,000yen을 지불해야합니다.
나는 오랫동안 여기에 머물 렀습니다. 심지어 저녁 식사 진미를 맛볼 수있는 기회가 있었는데 솔직히 그들은 음식의 질에 맞서 싸웠습니다.포인트 위치와 서비스는 Tanspot에게도 매우 편안합니다.이 속성을 적극 권장합니다.직원들은 매우 협력적이고 도움이됩니다!Setosan 감독의 식당 직원은 겸손하고 협력 적이었고 조수 Birat와 Pratiksha는 전체 쿠신에 대한 많은 것을 이해하도록 도와주었습니다.좋은 학기에 소유자와 사업을하기를 기대합니다.
놀라운 위치.기차역에 가깝습니다.1 층의 동전 세탁소는 24 시간 동안 열립니다.아침 식사는 뷔페이며, 당신이 얻는 것에 정말로 비싸다.빵집은 아침 식사를 위해 훨씬 낫습니다
나는 458 호실에서 2 개를위한 공간을 예약했고 일본의 비좁은 방에 대한 소문에서 많이 기대되지 않았다.그러나 방은 처음에 그 문제를 눈치 채지 못할 정도로 잘 정리되어 있습니다.NHK Shenanigans로 인해 TV를보고 싶지 않다면 돈의 가치가 있습니다.","월요일 : 24 시간을 엽니 다
화요일 : 24 시간 영업
수요일 : 24 시간을 엽니 다
목요일 : 24 시간 영업
금요일 : 24 시간 영업
토요일 : 24 시간을 열었습니다
일요일 : 24 시간 영업","카페, 하숙, 식당, 음식, point_of_interest, 설립",Yes
Holiday Inn Osaka Namba,"5-15 Souemonchō, Chuo Ward, Osaka, 542-0084, Japan",4,34.6698477,135.5035737,"나는 주로 위치 때문에 홀리데이 인을 예약했지만, 내가 본 좋은 등급과 다른 홀리데이 인과의 이전 경험도 예약했습니다.불행히도 그것은 par에 달려 있지 않았습니다.객실은 괜찮고 큰 욕실과 넓은 욕실이었습니다.문제는 청결이었습니다.나는 2 개의 방을 예약했다.내 방에서 나는 베개 그림을 붙였고, 이상한 얼룩이 있었고 곰팡이처럼 보였습니까?다른 방, 내 친구는 침대 시트와 이불에 이상한 노란색 얼룩이있었습니다.우리는 새로운 시트와 이불을 요청했습니다.리셉션 직원은 좋았고 위치도 마찬가지였습니다.그러나 복도는 꽤 더러워 보였다.이곳은 내가 다시 머물지 않을 곳입니다.
객실은 구식이며 시간으로 업데이트되어야하지만 우리가하지 않은 것은 방의 거친 냄새였습니다.그것은 역겨운 것입니다.어쩌면 그것은 습도로 인해 카펫 일 수도 있기 때문에 떠날 때마다 벽에서 열쇠를 당겨야한다는 것을 알았고 AC는 당신이 사라지는 동안 많이 작동하지 않는다는 것을 알았습니다.그 외에도, 프론트 스태프는 효율적이고 친절했습니다.위치는보고 싶은 모든 것과 편의점 등의 옆에 없습니다. 위치는이 호텔의 판매 지점입니다.
객실은 작고 카펫은 낡고 런 다운되었습니다.욕실은 내가 소변 냄새가 나는 것을 가장 먼저 눈에 띄는 것입니다.나는 그 강한 향기로 3 일 동안 살 수 없었기 때문에 직접 청소했다.나는 편안한 밤을 보내지 않고 긴 하루를 보낸 후 그것을 청소했다.아마도 내가 깨끗하지 않은 벽에 있었기 때문에 여전히 냄새를 제거하지 못했습니다.나는 그 당시 불평하지 않았지만 우리 침대에서 우리가 본 가장 흥미로운 것은 머리 마리였습니다.빈대가 아니 었습니다.우리는 그것이 2 개의 버그 사진을 어떻게 베팅했는지 구글에 글을 썼고 이것은 실제로 머리 마리와 비슷합니다.나는 참조를 위해 첨부했다.매우 실망한 것은 여기서 예약하지 마십시오.뷔페는 훌륭했습니다.지역은 센터에 너무 가깝기 때문에 예약했지만 너무 혼잡하고 붉은 빛 지구입니다.
우리는 모든 것에 가깝습니다.이 호텔에 머무를 때 오사카에서 여행하기가 너무 쉽습니다.직원들은 매우 도움이되었습니다.우리는 하나의 Passeport를 잃었고 리셉션은 우리를 위해 기차역과 우리가 머물렀던 이전 호텔이라고 불렀습니다.직원들은 우리가 경찰서에 가도록 도와 주었고 경찰관에게 번역하도록 도와주었습니다.나는 그것이 그들의 도움없이 어떻게 끝났는지 상상할 수 없다.우리는 마침내 그들 덕분에 그것을 발견했습니다.
다시 한번 감사드립니다.우리는이 호텔에서 매일 즐겼습니다.
호텔에는 전문적이고 친절한 직원이있었습니다.나는 추천 식당을 요청했고, 그것은 우리가 여행에서 우리가 가장 좋아하는 것 중 하나로 밝혀졌습니다.객실은 항상 깨끗했으며 위치는 쇼핑과 많은 레스토랑에 매우 가깝습니다.작은 단점은 기차역으로 걸어가는 9 분 거리에 있기 때문에 때로는 택시를 타야했다는 것입니다.전반적으로 경험은 긍정적이었습니다.",운영 시간이 없습니다,"하숙, point_of_interest, 설립",Yes
